Generation,Fitness
1 , 24.000
2 , 48.000
3 , 48.000
4 , 72.000
5 , 72.000
6 , 72.000
7 , 96.000
8 , 96.000
9 , 96.000
10 , 96.000
11 , 96.000
12 , 120.000
13 , 120.000
14 , 120.000
15 , 120.000
16 , 120.000
17 , 120.000
18 , 120.000
19 , 120.000
20 , 120.000
21 , 120.000
22 , 120.000
23 , 120.000
24 , 120.000
25 , 120.000
26 , 120.000
27 , 120.000
28 , 120.000
29 , 120.000
30 , 120.000
31 , 120.000
32 , 322.000
33 , 322.000
34 , 322.000
35 , 322.000
36 , 322.000
37 , 322.000
38 , 322.000
39 , 322.000
40 , 322.000
41 , 322.000
42 , 322.000
43 , 322.000
44 , 322.000
45 , 322.000
46 , 322.000
47 , 322.000
48 , 322.000
49 , 322.000
50 , 322.000
51 , 322.000
52 , 322.000
53 , 322.000
54 , 322.000
55 , 322.000
56 , 322.000
57 , 322.000
58 , 322.000
59 , 322.000
60 , 322.000
61 , 322.000
62 , 322.000
63 , 322.000
64 , 322.000
65 , 322.000
66 , 322.000
67 , 322.000
68 , 322.000
69 , 322.000
70 , 322.000
71 , 322.000
72 , 322.000
73 , 322.000
74 , 322.000
75 , 322.000
76 , 322.000
77 , 322.000
78 , 322.000
79 , 322.000
80 , 322.000
81 , 322.000
82 , 322.000
83 , 322.000
84 , 322.000
85 , 322.000
86 , 322.000
87 , 322.000
88 , 322.000
89 , 322.000
90 , 322.000
91 , 322.000
92 , 322.000
93 , 322.000
94 , 322.000
95 , 322.000
96 , 322.000
97 , 322.000
98 , 322.000
99 , 322.000
100 , 322.000
101 , 322.000
102 , 322.000
103 , 322.000
104 , 322.000
105 , 322.000
106 , 322.000
107 , 322.000
108 , 322.000
109 , 322.000
110 , 322.000
111 , 322.000
112 , 322.000
113 , 322.000
114 , 322.000
115 , 322.000
116 , 322.000
117 , 322.000
118 , 322.000
119 , 322.000
120 , 322.000
121 , 322.000
122 , 322.000
123 , 322.000
124 , 322.000
125 , 322.000
126 , 322.000
127 , 322.000
128 , 322.000
129 , 322.000
130 , 322.000
131 , 322.000
132 , 322.000
133 , 322.000
134 , 322.000
135 , 322.000
136 , 322.000
137 , 322.000
138 , 322.000
139 , 322.000
140 , 322.000
141 , 322.000
142 , 322.000
143 , 322.000
144 , 322.000
145 , 322.000
146 , 322.000
147 , 322.000
148 , 322.000
149 , 322.000
150 , 322.000
151 , 322.000
152 , 322.000
153 , 322.000
154 , 322.000
155 , 322.000
156 , 322.000
157 , 322.000
158 , 322.000
159 , 322.000
160 , 322.000
161 , 322.000
162 , 322.000
163 , 322.000
164 , 322.000
165 , 322.000
166 , 322.000
167 , 322.000
168 , 322.000
169 , 322.000
170 , 322.000
171 , 322.000
172 , 322.000
173 , 322.000
174 , 322.000
175 , 322.000
176 , 322.000
177 , 322.000
178 , 322.000
179 , 322.000
180 , 322.000
181 , 322.000
182 , 322.000
183 , 322.000
184 , 322.000
185 , 322.000
186 , 322.000
187 , 322.000
188 , 322.000
189 , 322.000
190 , 322.000
191 , 322.000
192 , 322.000
193 , 322.000
194 , 322.000
195 , 322.000
196 , 322.000
197 , 322.000
198 , 322.000
199 , 322.000
200 , 322.000
201 , 322.000
202 , 322.000
203 , 322.000
204 , 322.000
205 , 322.000
206 , 322.000
207 , 322.000
208 , 322.000
209 , 322.000
210 , 322.000
211 , 322.000
212 , 322.000
213 , 322.000
214 , 322.000
215 , 322.000
216 , 322.000
217 , 322.000
218 , 322.000
219 , 322.000
220 , 322.000
221 , 322.000
222 , 322.000
223 , 322.000
224 , 322.000
225 , 322.000
226 , 322.000
227 , 322.000
228 , 322.000
229 , 322.000
230 , 322.000
231 , 322.000
232 , 322.000
233 , 322.000
234 , 322.000
235 , 322.000
236 , 322.000
237 , 322.000
238 , 322.000
239 , 322.000
240 , 322.000
241 , 322.000
242 , 322.000
243 , 322.000
244 , 322.000
245 , 346.000
246 , 346.000
247 , 346.000
248 , 346.000
249 , 346.000
250 , 346.000
251 , 346.000
252 , 346.000
253 , 596.000
254 , 596.000
255 , 596.000
256 , 596.000
257 , 596.000
258 , 596.000
259 , 596.000
260 , 596.000
261 , 596.000
262 , 596.000
263 , 596.000
264 , 596.000
265 , 596.000
266 , 596.000
267 , 596.000
268 , 596.000
269 , 596.000
270 , 596.000
271 , 596.000
272 , 596.000
273 , 596.000
274 , 596.000
275 , 596.000
276 , 596.000
277 , 596.000
278 , 596.000
279 , 596.000
280 , 596.000
281 , 596.000
282 , 596.000
283 , 596.000
284 , 596.000
285 , 596.000
286 , 596.000
287 , 596.000
288 , 596.000
289 , 596.000
290 , 596.000
291 , 596.000
292 , 596.000
293 , 596.000
294 , 596.000
295 , 596.000
296 , 596.000
297 , 596.000
298 , 596.000
299 , 596.000
300 , 596.000
301 , 596.000
302 , 596.000
303 , 596.000
304 , 596.000
305 , 596.000
306 , 596.000
307 , 596.000
308 , 596.000
309 , 596.000
310 , 596.000
311 , 596.000
312 , 596.000
313 , 596.000
314 , 596.000
315 , 596.000
316 , 596.000
317 , 596.000
318 , 596.000
319 , 596.000
320 , 596.000
321 , 596.000
322 , 596.000
323 , 596.000
324 , 596.000
325 , 596.000
326 , 596.000
327 , 596.000
328 , 596.000
329 , 596.000
330 , 596.000
331 , 596.000
332 , 596.000
333 , 596.000
334 , 596.000
335 , 596.000
336 , 596.000
337 , 596.000
338 , 596.000
339 , 596.000
340 , 596.000
341 , 596.000
342 , 596.000
343 , 596.000
344 , 596.000
345 , 596.000
346 , 596.000
347 , 596.000
348 , 596.000
349 , 596.000
350 , 596.000
351 , 596.000
352 , 596.000
353 , 596.000
354 , 596.000
355 , 596.000
356 , 596.000
357 , 596.000
358 , 596.000
359 , 596.000
360 , 596.000
361 , 596.000
362 , 596.000
363 , 596.000
364 , 596.000
365 , 596.000
366 , 596.000
367 , 596.000
368 , 596.000
369 , 596.000
370 , 596.000
371 , 596.000
372 , 596.000
373 , 596.000
374 , 596.000
375 , 596.000
376 , 596.000
377 , 596.000
378 , 596.000
379 , 596.000
380 , 596.000
381 , 596.000
382 , 596.000
383 , 596.000
384 , 596.000
385 , 596.000
386 , 596.000
387 , 596.000
388 , 596.000
389 , 596.000
390 , 596.000
391 , 596.000
392 , 596.000
393 , 596.000
394 , 596.000
395 , 596.000
396 , 596.000
397 , 596.000
398 , 596.000
399 , 596.000
400 , 596.000
401 , 596.000
402 , 596.000
403 , 596.000
404 , 596.000
405 , 596.000
406 , 596.000
407 , 596.000
408 , 596.000
409 , 596.000
410 , 596.000
411 , 596.000
412 , 596.000
413 , 596.000
414 , 596.000
415 , 596.000
416 , 596.000
417 , 596.000
418 , 596.000
419 , 596.000
420 , 596.000
421 , 596.000
422 , 596.000
423 , 596.000
424 , 596.000
425 , 596.000
426 , 596.000
427 , 596.000
428 , 596.000
429 , 596.000
430 , 596.000
431 , 596.000
432 , 596.000
433 , 596.000
434 , 596.000
435 , 596.000
436 , 596.000
437 , 596.000
438 , 596.000
439 , 596.000
440 , 596.000
441 , 596.000
442 , 596.000
443 , 596.000
444 , 596.000
445 , 596.000
446 , 596.000
447 , 596.000
448 , 596.000
449 , 596.000
450 , 596.000
451 , 596.000
452 , 596.000
453 , 596.000
454 , 596.000
455 , 596.000
456 , 596.000
457 , 596.000
458 , 596.000
459 , 596.000
460 , 596.000
461 , 596.000
462 , 596.000
463 , 596.000
464 , 596.000
465 , 596.000
466 , 596.000
467 , 596.000
468 , 596.000
469 , 596.000
470 , 596.000
471 , 596.000
472 , 596.000
473 , 596.000
474 , 596.000
475 , 596.000
476 , 596.000
477 , 596.000
478 , 596.000
479 , 596.000
480 , 596.000
481 , 596.000
482 , 596.000
483 , 596.000
484 , 596.000
485 , 596.000
486 , 596.000
487 , 596.000
488 , 596.000
489 , 596.000
490 , 596.000
491 , 596.000
492 , 596.000
493 , 596.000
494 , 596.000
495 , 596.000
496 , 596.000
497 , 596.000
498 , 596.000
499 , 596.000
500 , 596.000
501 , 596.000
502 , 596.000
503 , 596.000
504 , 596.000
505 , 596.000
506 , 596.000
507 , 596.000
508 , 596.000
509 , 596.000
510 , 596.000
511 , 596.000
512 , 596.000
513 , 596.000
514 , 596.000
515 , 596.000
516 , 596.000
517 , 596.000
518 , 596.000
519 , 596.000
520 , 596.000
521 , 596.000
522 , 596.000
523 , 596.000
524 , 596.000
525 , 596.000
526 , 596.000
527 , 596.000
528 , 596.000
529 , 596.000
530 , 596.000
531 , 596.000
532 , 596.000
533 , 596.000
534 , 596.000
535 , 596.000
536 , 596.000
537 , 596.000
538 , 596.000
539 , 596.000
540 , 596.000
541 , 596.000
542 , 596.000
543 , 596.000
544 , 596.000
545 , 596.000
546 , 596.000
547 , 596.000
548 , 596.000
549 , 596.000
550 , 596.000
551 , 596.000
552 , 596.000
553 , 596.000
554 , 596.000
555 , 596.000
556 , 596.000
557 , 596.000
558 , 596.000
559 , 596.000
560 , 596.000
561 , 596.000
562 , 596.000
563 , 596.000
564 , 596.000
565 , 596.000
566 , 596.000
567 , 596.000
568 , 596.000
569 , 596.000
570 , 596.000
571 , 596.000
572 , 596.000
573 , 596.000
574 , 596.000
575 , 596.000
576 , 596.000
577 , 596.000
578 , 596.000
579 , 596.000
580 , 596.000
581 , 596.000
582 , 596.000
583 , 596.000
584 , 596.000
585 , 596.000
586 , 894.000
587 , 894.000
588 , 894.000
589 , 894.000
590 , 894.000
591 , 894.000
592 , 894.000
593 , 894.000
594 , 894.000
595 , 894.000
596 , 894.000
597 , 894.000
598 , 894.000
599 , 894.000
600 , 894.000
601 , 894.000
602 , 894.000
603 , 894.000
604 , 894.000
605 , 894.000
606 , 894.000
607 , 894.000
608 , 894.000
609 , 894.000
610 , 894.000
611 , 894.000
612 , 894.000
613 , 894.000
614 , 894.000
615 , 894.000
616 , 894.000
617 , 894.000
618 , 894.000
619 , 894.000
620 , 894.000
621 , 894.000
622 , 894.000
623 , 894.000
624 , 894.000
625 , 894.000
626 , 894.000
627 , 894.000
628 , 894.000
629 , 894.000
630 , 894.000
631 , 894.000
632 , 894.000
633 , 894.000
634 , 894.000
635 , 894.000
636 , 894.000
637 , 894.000
638 , 894.000
639 , 894.000
640 , 894.000
641 , 894.000
642 , 894.000
643 , 894.000
644 , 894.000
645 , 894.000
646 , 894.000
647 , 894.000
648 , 894.000
649 , 894.000
650 , 894.000
651 , 894.000
652 , 894.000
653 , 894.000
654 , 894.000
655 , 894.000
656 , 894.000
657 , 894.000
658 , 894.000
659 , 894.000
660 , 894.000
661 , 894.000
662 , 894.000
663 , 894.000
664 , 894.000
665 , 894.000
666 , 894.000
667 , 894.000
668 , 894.000
669 , 894.000
670 , 894.000
671 , 894.000
672 , 894.000
673 , 894.000
674 , 894.000
675 , 894.000
676 , 894.000
677 , 894.000
678 , 894.000
679 , 894.000
680 , 894.000
681 , 894.000
682 , 894.000
683 , 894.000
684 , 894.000
685 , 894.000
686 , 894.000
687 , 894.000
688 , 894.000
689 , 894.000
690 , 894.000
691 , 894.000
692 , 894.000
693 , 894.000
694 , 894.000
695 , 894.000
696 , 894.000
697 , 894.000
698 , 894.000
699 , 894.000
700 , 894.000
701 , 894.000
702 , 894.000
703 , 894.000
704 , 894.000
705 , 894.000
706 , 894.000
707 , 894.000
708 , 894.000
709 , 894.000
710 , 894.000
711 , 894.000
712 , 894.000
713 , 894.000
714 , 894.000
715 , 894.000
716 , 894.000
717 , 894.000
718 , 894.000
719 , 894.000
720 , 894.000
721 , 894.000
722 , 894.000
723 , 894.000
724 , 894.000
725 , 894.000
726 , 894.000
727 , 894.000
728 , 894.000
729 , 894.000
730 , 894.000
731 , 894.000
732 , 894.000
733 , 894.000
734 , 894.000
735 , 894.000
736 , 894.000
737 , 894.000
738 , 894.000
739 , 894.000
740 , 894.000
741 , 894.000
742 , 894.000
743 , 894.000
744 , 894.000
745 , 894.000
746 , 894.000
747 , 894.000
748 , 894.000
749 , 894.000
750 , 894.000
751 , 894.000
752 , 894.000
753 , 894.000
754 , 894.000
755 , 894.000
756 , 894.000
757 , 894.000
758 , 894.000
759 , 894.000
760 , 894.000
761 , 894.000
762 , 894.000
763 , 894.000
764 , 894.000
765 , 894.000
766 , 894.000
767 , 894.000
768 , 894.000
769 , 894.000
770 , 894.000
771 , 894.000
772 , 894.000
773 , 894.000
774 , 894.000
775 , 894.000
776 , 894.000
777 , 894.000
778 , 894.000
779 , 894.000
780 , 894.000
781 , 894.000
782 , 894.000
783 , 894.000
784 , 894.000
785 , 894.000
786 , 894.000
787 , 894.000
788 , 894.000
789 , 894.000
790 , 894.000
791 , 894.000
792 , 894.000
793 , 894.000
794 , 894.000
795 , 894.000
796 , 894.000
797 , 894.000
798 , 894.000
799 , 894.000
800 , 894.000
801 , 894.000
802 , 894.000
803 , 894.000
804 , 894.000
805 , 894.000
806 , 894.000
807 , 894.000
808 , 894.000
809 , 894.000
810 , 894.000
811 , 894.000
812 , 894.000
813 , 894.000
814 , 894.000
815 , 894.000
816 , 894.000
817 , 894.000
818 , 894.000
819 , 894.000
820 , 894.000
821 , 894.000
822 , 894.000
823 , 894.000
824 , 894.000
825 , 894.000
826 , 894.000
827 , 894.000
828 , 894.000
829 , 894.000
830 , 894.000
831 , 894.000
832 , 894.000
833 , 894.000
834 , 894.000
835 , 894.000
836 , 894.000
837 , 894.000
838 , 894.000
839 , 894.000
840 , 894.000
841 , 894.000
842 , 894.000
843 , 894.000
844 , 894.000
845 , 894.000
846 , 894.000
847 , 894.000
848 , 894.000
849 , 894.000
850 , 894.000
851 , 894.000
852 , 894.000
853 , 894.000
854 , 894.000
855 , 894.000
856 , 894.000
857 , 894.000
858 , 894.000
859 , 894.000
860 , 894.000
861 , 894.000
862 , 894.000
863 , 894.000
864 , 894.000
865 , 894.000
866 , 894.000
867 , 894.000
868 , 894.000
869 , 894.000
870 , 894.000
871 , 894.000
872 , 894.000
873 , 894.000
874 , 894.000
875 , 894.000
876 , 894.000
877 , 894.000
878 , 894.000
879 , 894.000
880 , 894.000
881 , 894.000
882 , 894.000
883 , 894.000
884 , 894.000
885 , 894.000
886 , 894.000
887 , 894.000
888 , 894.000
889 , 894.000
890 , 894.000
891 , 894.000
892 , 894.000
893 , 894.000
894 , 894.000
895 , 894.000
896 , 894.000
897 , 894.000
898 , 894.000
899 , 894.000
900 , 894.000
901 , 894.000
902 , 894.000
903 , 894.000
904 , 894.000
905 , 894.000
906 , 894.000
907 , 894.000
908 , 894.000
909 , 894.000
910 , 894.000
911 , 894.000
912 , 894.000
913 , 894.000
914 , 894.000
915 , 894.000
916 , 894.000
917 , 894.000
918 , 894.000
919 , 894.000
920 , 894.000
921 , 894.000
922 , 894.000
923 , 894.000
924 , 894.000
925 , 894.000
926 , 894.000
927 , 894.000
928 , 894.000
929 , 894.000
930 , 894.000
931 , 894.000
932 , 894.000
933 , 894.000
934 , 894.000
935 , 894.000
936 , 894.000
937 , 894.000
938 , 894.000
939 , 894.000
940 , 894.000
941 , 894.000
942 , 894.000
943 , 894.000
944 , 894.000
945 , 894.000
946 , 894.000
947 , 894.000
948 , 894.000
949 , 894.000
950 , 894.000
951 , 894.000
952 , 894.000
953 , 894.000
954 , 894.000
955 , 894.000
956 , 894.000
957 , 894.000
958 , 894.000
959 , 894.000
960 , 894.000
961 , 894.000
962 , 894.000
963 , 894.000
964 , 894.000
965 , 894.000
966 , 894.000
967 , 894.000
968 , 894.000
969 , 894.000
970 , 894.000
971 , 894.000
972 , 894.000
973 , 894.000
974 , 894.000
975 , 894.000
976 , 894.000
977 , 894.000
978 , 894.000
979 , 894.000
980 , 894.000
981 , 894.000
982 , 894.000
983 , 894.000
984 , 894.000
985 , 894.000
986 , 894.000
987 , 894.000
988 , 894.000
989 , 894.000
990 , 894.000
991 , 894.000
992 , 894.000
993 , 894.000
994 , 894.000
995 , 894.000
996 , 894.000
997 , 894.000
998 , 894.000
999 , 894.000
1000 , 894.000
1001 , 894.000
1002 , 894.000
1003 , 894.000
1004 , 894.000
1005 , 894.000
1006 , 894.000
1007 , 894.000
1008 , 894.000
1009 , 894.000
1010 , 894.000
1011 , 894.000
1012 , 894.000
1013 , 894.000
1014 , 894.000
1015 , 894.000
1016 , 894.000
1017 , 894.000
1018 , 894.000
1019 , 894.000
1020 , 894.000
1021 , 894.000
1022 , 894.000
1023 , 894.000
1024 , 894.000
1025 , 894.000
1026 , 894.000
1027 , 894.000
1028 , 894.000
1029 , 894.000
1030 , 894.000
1031 , 894.000
1032 , 894.000
1033 , 894.000
1034 , 894.000
1035 , 894.000
1036 , 894.000
1037 , 894.000
1038 , 894.000
1039 , 894.000
1040 , 894.000
1041 , 894.000
1042 , 894.000
1043 , 894.000
1044 , 894.000
1045 , 894.000
1046 , 894.000
1047 , 894.000
1048 , 894.000
1049 , 894.000
1050 , 894.000
1051 , 894.000
1052 , 894.000
1053 , 894.000
1054 , 894.000
1055 , 894.000
1056 , 894.000
1057 , 894.000
1058 , 894.000
1059 , 894.000
1060 , 894.000
1061 , 894.000
1062 , 894.000
1063 , 894.000
1064 , 894.000
1065 , 894.000
1066 , 894.000
1067 , 894.000
1068 , 894.000
1069 , 894.000
1070 , 894.000
1071 , 894.000
1072 , 894.000
1073 , 894.000
1074 , 894.000
1075 , 894.000
1076 , 894.000
1077 , 894.000
1078 , 894.000
1079 , 894.000
1080 , 894.000
1081 , 894.000
1082 , 894.000
1083 , 894.000
1084 , 894.000
1085 , 894.000
1086 , 894.000
1087 , 894.000
1088 , 894.000
1089 , 894.000
1090 , 894.000
1091 , 894.000
1092 , 894.000
1093 , 894.000
1094 , 894.000
1095 , 894.000
1096 , 894.000
1097 , 894.000
1098 , 894.000
1099 , 894.000
1100 , 894.000
1101 , 894.000
1102 , 894.000
1103 , 894.000
1104 , 894.000
1105 , 894.000
1106 , 894.000
1107 , 894.000
1108 , 894.000
1109 , 894.000
1110 , 894.000
1111 , 894.000
1112 , 894.000
1113 , 894.000
1114 , 894.000
1115 , 894.000
1116 , 894.000
1117 , 894.000
1118 , 894.000
1119 , 894.000
1120 , 894.000
1121 , 894.000
1122 , 894.000
1123 , 894.000
1124 , 894.000
1125 , 894.000
1126 , 894.000
1127 , 894.000
1128 , 894.000
1129 , 894.000
1130 , 894.000
1131 , 894.000
1132 , 894.000
1133 , 894.000
1134 , 894.000
1135 , 894.000
1136 , 894.000
1137 , 894.000
1138 , 894.000
1139 , 894.000
1140 , 894.000
1141 , 894.000
1142 , 894.000
1143 , 894.000
1144 , 894.000
1145 , 894.000
1146 , 894.000
1147 , 894.000
1148 , 894.000
1149 , 894.000
1150 , 894.000
1151 , 894.000
1152 , 894.000
1153 , 894.000
1154 , 894.000
1155 , 894.000
1156 , 894.000
1157 , 894.000
1158 , 894.000
1159 , 894.000
1160 , 894.000
1161 , 894.000
1162 , 894.000
1163 , 894.000
1164 , 894.000
1165 , 894.000
1166 , 894.000
1167 , 894.000
1168 , 894.000
1169 , 894.000
1170 , 894.000
1171 , 894.000
1172 , 894.000
1173 , 894.000
1174 , 894.000
1175 , 894.000
1176 , 894.000
1177 , 894.000
1178 , 894.000
1179 , 894.000
1180 , 894.000
1181 , 894.000
1182 , 894.000
1183 , 894.000
1184 , 894.000
1185 , 894.000
1186 , 894.000
1187 , 894.000
1188 , 894.000
1189 , 894.000
1190 , 894.000
1191 , 894.000
1192 , 894.000
1193 , 894.000
1194 , 894.000
1195 , 894.000
1196 , 894.000
1197 , 894.000
1198 , 894.000
1199 , 894.000
1200 , 894.000
1201 , 894.000
1202 , 894.000
1203 , 894.000
1204 , 894.000
1205 , 894.000
1206 , 894.000
1207 , 894.000
1208 , 894.000
1209 , 894.000
1210 , 894.000
1211 , 894.000
1212 , 894.000
1213 , 894.000
1214 , 894.000
1215 , 894.000
1216 , 894.000
1217 , 894.000
1218 , 894.000
1219 , 894.000
1220 , 894.000
1221 , 894.000
1222 , 894.000
1223 , 894.000
1224 , 894.000
1225 , 894.000
1226 , 894.000
1227 , 894.000
1228 , 894.000
1229 , 894.000
1230 , 894.000
1231 , 894.000
1232 , 894.000
1233 , 894.000
1234 , 894.000
1235 , 894.000
1236 , 894.000
1237 , 894.000
1238 , 894.000
1239 , 894.000
1240 , 894.000
1241 , 894.000
1242 , 894.000
1243 , 894.000
1244 , 894.000
1245 , 894.000
1246 , 894.000
1247 , 894.000
1248 , 894.000
1249 , 894.000
1250 , 894.000
1251 , 894.000
1252 , 894.000
1253 , 894.000
1254 , 894.000
1255 , 894.000
1256 , 894.000
1257 , 894.000
1258 , 894.000
1259 , 894.000
1260 , 894.000
1261 , 894.000
1262 , 894.000
1263 , 894.000
1264 , 894.000
1265 , 894.000
1266 , 894.000
1267 , 894.000
1268 , 894.000
1269 , 894.000
1270 , 894.000
1271 , 894.000
1272 , 894.000
1273 , 894.000
1274 , 894.000
1275 , 894.000
1276 , 894.000
1277 , 894.000
1278 , 894.000
1279 , 894.000
1280 , 894.000
1281 , 894.000
1282 , 894.000
1283 , 894.000
1284 , 894.000
1285 , 894.000
1286 , 894.000
1287 , 894.000
1288 , 894.000
1289 , 894.000
1290 , 894.000
1291 , 894.000
1292 , 894.000
1293 , 894.000
1294 , 894.000
1295 , 894.000
1296 , 894.000
1297 , 894.000
1298 , 894.000
1299 , 894.000
1300 , 894.000
1301 , 894.000
1302 , 894.000
1303 , 894.000
1304 , 894.000
1305 , 894.000
1306 , 894.000
1307 , 894.000
1308 , 894.000
1309 , 894.000
1310 , 894.000
1311 , 894.000
1312 , 894.000
1313 , 894.000
1314 , 894.000
1315 , 894.000
1316 , 894.000
1317 , 894.000
1318 , 894.000
1319 , 894.000
1320 , 894.000
1321 , 894.000
1322 , 894.000
1323 , 894.000
1324 , 894.000
1325 , 894.000
1326 , 894.000
1327 , 894.000
1328 , 894.000
1329 , 894.000
1330 , 894.000
1331 , 894.000
1332 , 894.000
1333 , 894.000
1334 , 894.000
1335 , 894.000
1336 , 894.000
1337 , 894.000
1338 , 894.000
1339 , 894.000
1340 , 894.000
1341 , 894.000
1342 , 894.000
1343 , 894.000
1344 , 894.000
1345 , 894.000
1346 , 894.000
1347 , 894.000
1348 , 894.000
1349 , 894.000
1350 , 894.000
1351 , 894.000
1352 , 894.000
1353 , 894.000
1354 , 894.000
1355 , 894.000
1356 , 894.000
1357 , 894.000
1358 , 894.000
1359 , 894.000
1360 , 894.000
1361 , 894.000
1362 , 894.000
1363 , 894.000
1364 , 894.000
1365 , 894.000
1366 , 894.000
1367 , 894.000
1368 , 894.000
1369 , 894.000
1370 , 894.000
1371 , 894.000
1372 , 894.000
1373 , 894.000
1374 , 894.000
1375 , 894.000
1376 , 894.000
1377 , 894.000
1378 , 894.000
1379 , 894.000
1380 , 894.000
1381 , 894.000
1382 , 894.000
1383 , 894.000
1384 , 894.000
1385 , 894.000
1386 , 894.000
1387 , 894.000
1388 , 894.000
1389 , 894.000
1390 , 894.000
1391 , 894.000
1392 , 894.000
1393 , 894.000
1394 , 894.000
1395 , 894.000
1396 , 894.000
1397 , 894.000
1398 , 894.000
1399 , 894.000
1400 , 894.000
1401 , 894.000
1402 , 894.000
1403 , 894.000
1404 , 894.000
1405 , 894.000
1406 , 894.000
1407 , 894.000
1408 , 894.000
1409 , 894.000
1410 , 894.000
1411 , 894.000
1412 , 894.000
1413 , 894.000
1414 , 894.000
1415 , 894.000
1416 , 894.000
1417 , 894.000
1418 , 894.000
1419 , 894.000
1420 , 894.000
1421 , 894.000
1422 , 894.000
1423 , 894.000
1424 , 894.000
1425 , 894.000
1426 , 894.000
1427 , 894.000
1428 , 894.000
1429 , 894.000
1430 , 894.000
1431 , 894.000
1432 , 894.000
1433 , 894.000
1434 , 894.000
1435 , 894.000
1436 , 894.000
1437 , 894.000
1438 , 894.000
1439 , 894.000
1440 , 894.000
1441 , 894.000
1442 , 894.000
1443 , 894.000
1444 , 894.000
1445 , 894.000
1446 , 894.000
1447 , 894.000
1448 , 894.000
1449 , 894.000
1450 , 894.000
1451 , 894.000
1452 , 894.000
1453 , 894.000
1454 , 894.000
1455 , 894.000
1456 , 894.000
1457 , 894.000
1458 , 894.000
1459 , 894.000
1460 , 894.000
1461 , 894.000
1462 , 894.000
1463 , 894.000
1464 , 894.000
1465 , 894.000
1466 , 894.000
1467 , 894.000
1468 , 894.000
1469 , 894.000
1470 , 894.000
1471 , 894.000
1472 , 894.000
1473 , 894.000
1474 , 894.000
1475 , 894.000
1476 , 894.000
1477 , 894.000
1478 , 894.000
1479 , 894.000
1480 , 894.000
1481 , 894.000
1482 , 894.000
1483 , 894.000
1484 , 894.000
1485 , 894.000
1486 , 894.000
1487 , 894.000
1488 , 894.000
1489 , 894.000
1490 , 894.000
1491 , 894.000
1492 , 894.000
1493 , 894.000
1494 , 894.000
1495 , 894.000
1496 , 894.000
1497 , 894.000
1498 , 894.000
1499 , 894.000
1500 , 894.000
1501 , 894.000
1502 , 894.000
1503 , 894.000
1504 , 894.000
1505 , 894.000
1506 , 894.000
1507 , 894.000
1508 , 894.000
1509 , 894.000
1510 , 894.000
1511 , 894.000
1512 , 894.000
1513 , 894.000
1514 , 894.000
1515 , 894.000
1516 , 894.000
1517 , 894.000
1518 , 894.000
1519 , 894.000
1520 , 894.000
1521 , 894.000
1522 , 894.000
1523 , 894.000
1524 , 894.000
1525 , 894.000
1526 , 894.000
1527 , 894.000
1528 , 894.000
1529 , 894.000
1530 , 894.000
1531 , 894.000
1532 , 894.000
1533 , 894.000
1534 , 894.000
1535 , 894.000
1536 , 894.000
1537 , 894.000
1538 , 894.000
1539 , 894.000
1540 , 894.000
1541 , 894.000
1542 , 894.000
1543 , 894.000
1544 , 894.000
1545 , 894.000
1546 , 894.000
1547 , 894.000
1548 , 894.000
1549 , 894.000
1550 , 894.000
1551 , 894.000
1552 , 894.000
1553 , 894.000
1554 , 894.000
1555 , 894.000
1556 , 894.000
1557 , 894.000
1558 , 894.000
1559 , 894.000
1560 , 894.000
1561 , 894.000
1562 , 894.000
1563 , 894.000
1564 , 894.000
1565 , 894.000
1566 , 894.000
1567 , 894.000
1568 , 894.000
1569 , 894.000
1570 , 894.000
1571 , 894.000
1572 , 894.000
1573 , 894.000
1574 , 894.000
1575 , 894.000
1576 , 894.000
1577 , 894.000
1578 , 894.000
1579 , 894.000
1580 , 894.000
1581 , 894.000
1582 , 894.000
1583 , 894.000
1584 , 894.000
1585 , 894.000
1586 , 894.000
1587 , 894.000
1588 , 894.000
1589 , 894.000
1590 , 894.000
1591 , 894.000
1592 , 894.000
1593 , 894.000
1594 , 894.000
1595 , 894.000
1596 , 894.000
1597 , 894.000
1598 , 894.000
1599 , 894.000
1600 , 894.000
1601 , 894.000
1602 , 894.000
1603 , 894.000
1604 , 894.000
1605 , 894.000
1606 , 894.000
1607 , 894.000
1608 , 894.000
1609 , 894.000
1610 , 894.000
1611 , 894.000
1612 , 894.000
1613 , 894.000
1614 , 894.000
1615 , 894.000
1616 , 894.000
1617 , 894.000
1618 , 894.000
1619 , 894.000
1620 , 894.000
1621 , 894.000
1622 , 894.000
1623 , 894.000
1624 , 894.000
1625 , 894.000
1626 , 894.000
1627 , 894.000
1628 , 894.000
1629 , 894.000
1630 , 894.000
1631 , 894.000
1632 , 894.000
1633 , 894.000
1634 , 894.000
1635 , 894.000
1636 , 894.000
1637 , 894.000
1638 , 894.000
1639 , 894.000
1640 , 894.000
1641 , 894.000
1642 , 894.000
1643 , 894.000
1644 , 894.000
1645 , 894.000
1646 , 894.000
1647 , 894.000
1648 , 894.000
1649 , 894.000
1650 , 894.000
1651 , 894.000
1652 , 894.000
1653 , 894.000
1654 , 894.000
1655 , 894.000
1656 , 894.000
1657 , 894.000
1658 , 894.000
1659 , 894.000
1660 , 894.000
1661 , 894.000
1662 , 894.000
1663 , 894.000
1664 , 894.000
1665 , 894.000
1666 , 894.000
1667 , 894.000
1668 , 894.000
1669 , 894.000
1670 , 894.000
1671 , 894.000
1672 , 894.000
1673 , 894.000
1674 , 894.000
1675 , 894.000
1676 , 894.000
1677 , 894.000
1678 , 894.000
1679 , 894.000
1680 , 894.000
1681 , 894.000
1682 , 894.000
1683 , 894.000
1684 , 894.000
1685 , 894.000
1686 , 894.000
1687 , 894.000
1688 , 894.000
1689 , 894.000
1690 , 894.000
1691 , 894.000
1692 , 894.000
1693 , 894.000
1694 , 894.000
1695 , 894.000
1696 , 894.000
1697 , 894.000
1698 , 894.000
1699 , 894.000
1700 , 894.000
1701 , 894.000
1702 , 894.000
1703 , 894.000
1704 , 894.000
1705 , 894.000
1706 , 894.000
1707 , 894.000
1708 , 894.000
1709 , 894.000
1710 , 894.000
1711 , 894.000
1712 , 894.000
1713 , 894.000
1714 , 894.000
1715 , 894.000
1716 , 894.000
1717 , 894.000
1718 , 894.000
1719 , 894.000
1720 , 894.000
1721 , 894.000
1722 , 894.000
1723 , 894.000
1724 , 894.000
1725 , 894.000
1726 , 894.000
1727 , 894.000
1728 , 894.000
1729 , 894.000
1730 , 894.000
1731 , 894.000
1732 , 894.000
1733 , 894.000
1734 , 894.000
1735 , 894.000
1736 , 894.000
1737 , 894.000
1738 , 894.000
1739 , 894.000
1740 , 894.000
1741 , 894.000
1742 , 894.000
1743 , 894.000
1744 , 894.000
1745 , 894.000
1746 , 894.000
1747 , 894.000
1748 , 894.000
1749 , 894.000
1750 , 894.000
1751 , 894.000
1752 , 894.000
1753 , 894.000
1754 , 894.000
1755 , 894.000
1756 , 894.000
1757 , 894.000
1758 , 894.000
1759 , 894.000
1760 , 894.000
1761 , 894.000
1762 , 894.000
1763 , 894.000
1764 , 894.000
1765 , 894.000
1766 , 894.000
1767 , 894.000
1768 , 894.000
1769 , 894.000
1770 , 894.000
1771 , 894.000
1772 , 894.000
1773 , 894.000
1774 , 894.000
1775 , 894.000
1776 , 894.000
1777 , 894.000
1778 , 894.000
1779 , 894.000
1780 , 894.000
1781 , 894.000
1782 , 894.000
1783 , 894.000
1784 , 894.000
1785 , 894.000
1786 , 894.000
1787 , 894.000
1788 , 894.000
1789 , 894.000
1790 , 894.000
1791 , 894.000
1792 , 894.000
1793 , 894.000
1794 , 894.000
1795 , 894.000
1796 , 894.000
1797 , 894.000
1798 , 894.000
1799 , 894.000
1800 , 894.000
1801 , 894.000
1802 , 894.000
1803 , 894.000
1804 , 894.000
1805 , 894.000
1806 , 894.000
1807 , 894.000
1808 , 894.000
1809 , 894.000
1810 , 894.000
1811 , 894.000
1812 , 894.000
1813 , 894.000
1814 , 894.000
1815 , 894.000
1816 , 894.000
1817 , 894.000
1818 , 894.000
1819 , 894.000
1820 , 894.000
1821 , 894.000
1822 , 894.000
1823 , 894.000
1824 , 894.000
1825 , 894.000
1826 , 894.000
1827 , 894.000
1828 , 894.000
1829 , 894.000
1830 , 894.000
1831 , 894.000
1832 , 894.000
1833 , 894.000
1834 , 894.000
1835 , 894.000
1836 , 894.000
1837 , 894.000
1838 , 894.000
1839 , 894.000
1840 , 894.000
1841 , 894.000
1842 , 894.000
1843 , 894.000
1844 , 894.000
1845 , 894.000
1846 , 894.000
1847 , 894.000
1848 , 894.000
1849 , 894.000
1850 , 894.000
1851 , 894.000
1852 , 894.000
1853 , 894.000
1854 , 894.000
1855 , 894.000
1856 , 894.000
1857 , 894.000
1858 , 894.000
1859 , 894.000
1860 , 894.000
1861 , 894.000
1862 , 894.000
1863 , 894.000
1864 , 894.000
1865 , 894.000
1866 , 894.000
1867 , 894.000
1868 , 894.000
1869 , 894.000
1870 , 894.000
1871 , 894.000
1872 , 894.000
1873 , 894.000
1874 , 894.000
1875 , 894.000
1876 , 894.000
1877 , 894.000
1878 , 894.000
1879 , 894.000
1880 , 894.000
1881 , 894.000
1882 , 894.000
1883 , 894.000
1884 , 894.000
1885 , 894.000
1886 , 894.000
1887 , 894.000
1888 , 894.000
1889 , 894.000
1890 , 894.000
1891 , 894.000
1892 , 894.000
1893 , 894.000
1894 , 894.000
1895 , 894.000
1896 , 894.000
1897 , 894.000
1898 , 894.000
1899 , 894.000
1900 , 894.000
1901 , 894.000
1902 , 894.000
1903 , 894.000
1904 , 894.000
1905 , 894.000
1906 , 894.000
1907 , 894.000
1908 , 894.000
1909 , 894.000
1910 , 894.000
1911 , 894.000
1912 , 894.000
1913 , 894.000
1914 , 894.000
1915 , 894.000
1916 , 894.000
1917 , 894.000
1918 , 894.000
1919 , 894.000
1920 , 894.000
1921 , 894.000
1922 , 894.000
1923 , 894.000
1924 , 894.000
1925 , 894.000
1926 , 894.000
1927 , 894.000
1928 , 894.000
1929 , 894.000
1930 , 894.000
1931 , 894.000
1932 , 894.000
1933 , 894.000
1934 , 894.000
1935 , 894.000
1936 , 894.000
1937 , 894.000
1938 , 894.000
1939 , 894.000
1940 , 894.000
1941 , 894.000
1942 , 894.000
1943 , 894.000
1944 , 894.000
1945 , 894.000
1946 , 894.000
1947 , 894.000
1948 , 894.000
1949 , 894.000
1950 , 894.000
1951 , 894.000
1952 , 894.000
1953 , 894.000
1954 , 894.000
1955 , 894.000
1956 , 894.000
1957 , 894.000
1958 , 894.000
1959 , 894.000
1960 , 894.000
1961 , 894.000
1962 , 894.000
1963 , 894.000
1964 , 894.000
1965 , 894.000
1966 , 894.000
1967 , 894.000
1968 , 894.000
1969 , 894.000
1970 , 894.000
1971 , 894.000
1972 , 894.000
1973 , 894.000
1974 , 894.000
1975 , 894.000
1976 , 894.000
1977 , 894.000
1978 , 894.000
1979 , 894.000
1980 , 894.000
1981 , 894.000
1982 , 894.000
1983 , 894.000
1984 , 894.000
1985 , 894.000
1986 , 894.000
1987 , 894.000
1988 , 894.000
1989 , 894.000
1990 , 894.000
1991 , 894.000
1992 , 894.000
1993 , 894.000
1994 , 894.000
1995 , 894.000
1996 , 894.000
1997 , 894.000
1998 , 894.000
1999 , 894.000
2000 , 894.000
2001 , 894.000
2002 , 894.000
2003 , 894.000
2004 , 894.000
2005 , 894.000
2006 , 894.000
2007 , 894.000
2008 , 894.000
2009 , 894.000
2010 , 894.000
2011 , 894.000
2012 , 894.000
2013 , 894.000
2014 , 894.000
2015 , 894.000
2016 , 894.000
2017 , 894.000
2018 , 894.000
2019 , 894.000
2020 , 894.000
2021 , 894.000
2022 , 894.000
2023 , 894.000
2024 , 894.000
2025 , 894.000
2026 , 894.000
2027 , 894.000
2028 , 894.000
2029 , 894.000
2030 , 894.000
2031 , 894.000
2032 , 894.000
2033 , 894.000
2034 , 894.000
2035 , 894.000
2036 , 894.000
2037 , 894.000
2038 , 894.000
2039 , 894.000
2040 , 894.000
2041 , 894.000
2042 , 894.000
2043 , 894.000
2044 , 894.000
2045 , 894.000
2046 , 894.000
2047 , 894.000
2048 , 894.000
2049 , 894.000
2050 , 894.000
2051 , 894.000
2052 , 894.000
2053 , 894.000
2054 , 894.000
2055 , 894.000
2056 , 894.000
2057 , 894.000
2058 , 894.000
2059 , 894.000
2060 , 894.000
2061 , 894.000
2062 , 894.000
2063 , 894.000
2064 , 894.000
2065 , 894.000
2066 , 894.000
2067 , 894.000
2068 , 894.000
2069 , 894.000
2070 , 894.000
2071 , 894.000
2072 , 894.000
2073 , 894.000
2074 , 894.000
2075 , 894.000
2076 , 894.000
2077 , 894.000
2078 , 894.000
2079 , 894.000
2080 , 894.000
2081 , 894.000
2082 , 894.000
2083 , 894.000
2084 , 894.000
2085 , 894.000
2086 , 894.000
2087 , 894.000
2088 , 894.000
2089 , 894.000
2090 , 894.000
2091 , 894.000
2092 , 894.000
2093 , 894.000
2094 , 894.000
2095 , 894.000
2096 , 894.000
2097 , 894.000
2098 , 894.000
2099 , 894.000
2100 , 894.000
2101 , 894.000
2102 , 894.000
2103 , 894.000
2104 , 894.000
2105 , 894.000
2106 , 894.000
2107 , 894.000
2108 , 894.000
2109 , 894.000
2110 , 894.000
2111 , 894.000
2112 , 894.000
2113 , 894.000
2114 , 894.000
2115 , 894.000
2116 , 894.000
2117 , 894.000
2118 , 894.000
2119 , 894.000
2120 , 894.000
2121 , 894.000
2122 , 894.000
2123 , 894.000
2124 , 894.000
2125 , 894.000
2126 , 894.000
2127 , 894.000
2128 , 894.000
2129 , 894.000
2130 , 894.000
2131 , 894.000
2132 , 894.000
2133 , 894.000
2134 , 894.000
2135 , 894.000
2136 , 894.000
2137 , 894.000
2138 , 894.000
2139 , 894.000
2140 , 894.000
2141 , 894.000
2142 , 894.000
2143 , 894.000
2144 , 894.000
2145 , 894.000
2146 , 894.000
2147 , 894.000
2148 , 894.000
2149 , 894.000
2150 , 894.000
2151 , 894.000
2152 , 894.000
2153 , 894.000
2154 , 894.000
2155 , 894.000
2156 , 894.000
2157 , 894.000
2158 , 894.000
2159 , 894.000
2160 , 894.000
2161 , 894.000
2162 , 894.000
2163 , 894.000
2164 , 894.000
2165 , 894.000
2166 , 894.000
2167 , 894.000
2168 , 894.000
2169 , 894.000
2170 , 894.000
2171 , 894.000
2172 , 894.000
2173 , 894.000
2174 , 894.000
2175 , 894.000
2176 , 894.000
2177 , 894.000
2178 , 894.000
2179 , 894.000
2180 , 894.000
2181 , 894.000
2182 , 894.000
2183 , 894.000
2184 , 894.000
2185 , 894.000
2186 , 894.000
2187 , 894.000
2188 , 894.000
2189 , 894.000
2190 , 894.000
2191 , 894.000
2192 , 894.000
2193 , 894.000
2194 , 894.000
2195 , 894.000
2196 , 894.000
2197 , 894.000
2198 , 894.000
2199 , 894.000
2200 , 894.000
2201 , 894.000
2202 , 894.000
2203 , 894.000
2204 , 894.000
2205 , 894.000
2206 , 894.000
2207 , 894.000
2208 , 894.000
2209 , 894.000
2210 , 894.000
2211 , 894.000
2212 , 894.000
2213 , 894.000
2214 , 894.000
2215 , 894.000
2216 , 894.000
2217 , 894.000
2218 , 894.000
2219 , 894.000
2220 , 894.000
2221 , 894.000
2222 , 894.000
2223 , 894.000
2224 , 894.000
2225 , 894.000
2226 , 894.000
2227 , 894.000
2228 , 894.000
2229 , 894.000
2230 , 894.000
2231 , 894.000
2232 , 894.000
2233 , 894.000
2234 , 894.000
2235 , 894.000
2236 , 894.000
2237 , 894.000
2238 , 894.000
2239 , 894.000
2240 , 894.000
2241 , 894.000
2242 , 894.000
2243 , 894.000
2244 , 894.000
2245 , 894.000
2246 , 894.000
2247 , 894.000
2248 , 894.000
2249 , 894.000
2250 , 894.000
2251 , 894.000
2252 , 894.000
2253 , 894.000
2254 , 894.000
2255 , 894.000
2256 , 894.000
2257 , 894.000
2258 , 894.000
2259 , 894.000
2260 , 894.000
2261 , 894.000
2262 , 894.000
2263 , 894.000
2264 , 894.000
2265 , 894.000
2266 , 894.000
2267 , 894.000
2268 , 894.000
2269 , 894.000
2270 , 894.000
2271 , 894.000
2272 , 894.000
2273 , 894.000
2274 , 894.000
2275 , 894.000
2276 , 894.000
2277 , 894.000
2278 , 894.000
2279 , 894.000
2280 , 894.000
2281 , 894.000
2282 , 894.000
2283 , 894.000
2284 , 894.000
2285 , 894.000
2286 , 894.000
2287 , 894.000
2288 , 894.000
2289 , 894.000
2290 , 894.000
2291 , 894.000
2292 , 894.000
2293 , 894.000
2294 , 894.000
2295 , 894.000
2296 , 894.000
2297 , 894.000
2298 , 894.000
2299 , 894.000
2300 , 894.000
2301 , 894.000
2302 , 894.000
2303 , 894.000
2304 , 894.000
2305 , 894.000
2306 , 894.000
2307 , 894.000
2308 , 894.000
2309 , 894.000
2310 , 894.000
2311 , 894.000
2312 , 894.000
2313 , 894.000
2314 , 894.000
2315 , 894.000
2316 , 894.000
2317 , 894.000
2318 , 894.000
2319 , 894.000
2320 , 894.000
2321 , 894.000
2322 , 894.000
2323 , 894.000
2324 , 894.000
2325 , 894.000
2326 , 894.000
2327 , 894.000
2328 , 894.000
2329 , 894.000
2330 , 894.000
2331 , 894.000
2332 , 894.000
2333 , 894.000
2334 , 894.000
2335 , 894.000
2336 , 894.000
2337 , 894.000
2338 , 894.000
2339 , 894.000
2340 , 894.000
2341 , 894.000
2342 , 894.000
2343 , 894.000
2344 , 894.000
2345 , 894.000
2346 , 894.000
2347 , 894.000
2348 , 894.000
2349 , 894.000
2350 , 894.000
2351 , 894.000
2352 , 894.000
2353 , 894.000
2354 , 894.000
2355 , 894.000
2356 , 894.000
2357 , 894.000
2358 , 894.000
2359 , 894.000
2360 , 894.000
2361 , 894.000
2362 , 894.000
2363 , 894.000
2364 , 894.000
2365 , 894.000
2366 , 894.000
2367 , 894.000
2368 , 894.000
2369 , 894.000
2370 , 894.000
2371 , 894.000
2372 , 894.000
2373 , 894.000
2374 , 894.000
2375 , 894.000
2376 , 894.000
2377 , 894.000
2378 , 894.000
2379 , 894.000
2380 , 894.000
2381 , 894.000
2382 , 894.000
2383 , 894.000
2384 , 894.000
2385 , 894.000
2386 , 894.000
2387 , 894.000
2388 , 894.000
2389 , 894.000
2390 , 894.000
2391 , 894.000
2392 , 894.000
2393 , 894.000
2394 , 894.000
2395 , 894.000
2396 , 894.000
2397 , 894.000
2398 , 894.000
2399 , 894.000
2400 , 894.000
2401 , 894.000
2402 , 894.000
2403 , 894.000
2404 , 894.000
2405 , 894.000
2406 , 894.000
2407 , 894.000
2408 , 894.000
2409 , 894.000
2410 , 894.000
2411 , 894.000
2412 , 894.000
2413 , 894.000
2414 , 894.000
2415 , 894.000
2416 , 894.000
2417 , 894.000
2418 , 894.000
2419 , 894.000
2420 , 894.000
2421 , 894.000
2422 , 894.000
2423 , 894.000
2424 , 894.000
2425 , 894.000
2426 , 894.000
2427 , 894.000
2428 , 894.000
2429 , 894.000
2430 , 894.000
2431 , 894.000
2432 , 894.000
2433 , 894.000
2434 , 894.000
2435 , 894.000
2436 , 894.000
2437 , 894.000
2438 , 894.000
2439 , 894.000
2440 , 894.000
2441 , 894.000
2442 , 894.000
2443 , 894.000
2444 , 894.000
2445 , 894.000
2446 , 894.000
2447 , 894.000
2448 , 894.000
2449 , 894.000
2450 , 894.000
2451 , 894.000
2452 , 894.000
2453 , 894.000
2454 , 894.000
2455 , 894.000
2456 , 894.000
2457 , 894.000
2458 , 894.000
2459 , 894.000
2460 , 894.000
2461 , 894.000
2462 , 894.000
2463 , 894.000
2464 , 894.000
2465 , 894.000
2466 , 894.000
2467 , 894.000
2468 , 894.000
2469 , 894.000
2470 , 894.000
2471 , 894.000
2472 , 894.000
2473 , 894.000
2474 , 894.000
2475 , 894.000
2476 , 894.000
2477 , 894.000
2478 , 894.000
2479 , 894.000
2480 , 894.000
2481 , 894.000
2482 , 894.000
2483 , 894.000
2484 , 894.000
2485 , 894.000
2486 , 894.000
2487 , 894.000
2488 , 894.000
2489 , 894.000
2490 , 894.000
2491 , 894.000
2492 , 894.000
2493 , 894.000
2494 , 894.000
2495 , 894.000
2496 , 894.000
2497 , 894.000
2498 , 894.000
2499 , 894.000
2500 , 894.000
2501 , 894.000
2502 , 894.000
2503 , 894.000
2504 , 894.000
2505 , 894.000
2506 , 894.000
2507 , 894.000
2508 , 894.000
2509 , 894.000
2510 , 894.000
2511 , 894.000
2512 , 894.000
2513 , 894.000
2514 , 894.000
2515 , 894.000
2516 , 894.000
2517 , 894.000
2518 , 894.000
2519 , 894.000
2520 , 894.000
2521 , 894.000
2522 , 894.000
2523 , 894.000
2524 , 894.000
2525 , 894.000
2526 , 894.000
2527 , 894.000
2528 , 894.000
2529 , 894.000
2530 , 894.000
2531 , 894.000
2532 , 894.000
2533 , 894.000
2534 , 894.000
2535 , 894.000
2536 , 894.000
2537 , 894.000
2538 , 894.000
2539 , 894.000
2540 , 894.000
2541 , 894.000
2542 , 894.000
2543 , 894.000
2544 , 894.000
2545 , 894.000
2546 , 894.000
2547 , 894.000
2548 , 894.000
2549 , 894.000
2550 , 894.000
2551 , 894.000
2552 , 894.000
2553 , 894.000
2554 , 894.000
2555 , 894.000
2556 , 894.000
2557 , 894.000
2558 , 894.000
2559 , 894.000
2560 , 894.000
2561 , 894.000
2562 , 894.000
2563 , 894.000
2564 , 894.000
2565 , 894.000
2566 , 894.000
2567 , 894.000
2568 , 894.000
2569 , 894.000
2570 , 894.000
2571 , 894.000
2572 , 894.000
2573 , 894.000
2574 , 894.000
2575 , 894.000
2576 , 894.000
2577 , 894.000
2578 , 894.000
2579 , 894.000
2580 , 894.000
2581 , 894.000
2582 , 894.000
2583 , 894.000
2584 , 894.000
2585 , 894.000
2586 , 894.000
2587 , 894.000
2588 , 894.000
2589 , 894.000
2590 , 894.000
2591 , 894.000
2592 , 894.000
2593 , 894.000
2594 , 894.000
2595 , 894.000
2596 , 894.000
2597 , 894.000
2598 , 894.000
2599 , 894.000
2600 , 894.000
2601 , 894.000
2602 , 894.000
2603 , 894.000
2604 , 894.000
2605 , 894.000
2606 , 894.000
2607 , 894.000
2608 , 894.000
2609 , 894.000
2610 , 894.000
2611 , 894.000
2612 , 894.000
2613 , 894.000
2614 , 894.000
2615 , 894.000
2616 , 894.000
2617 , 894.000
2618 , 894.000
2619 , 894.000
2620 , 894.000
2621 , 894.000
2622 , 894.000
2623 , 894.000
2624 , 894.000
2625 , 894.000
2626 , 894.000
2627 , 894.000
2628 , 894.000
2629 , 894.000
2630 , 894.000
2631 , 894.000
2632 , 894.000
2633 , 894.000
2634 , 894.000
2635 , 894.000
2636 , 894.000
2637 , 894.000
2638 , 894.000
2639 , 894.000
2640 , 894.000
2641 , 894.000
2642 , 894.000
2643 , 894.000
2644 , 894.000
2645 , 894.000
2646 , 894.000
2647 , 894.000
2648 , 894.000
2649 , 894.000
2650 , 894.000
2651 , 894.000
2652 , 894.000
2653 , 894.000
2654 , 894.000
2655 , 894.000
2656 , 894.000
2657 , 894.000
2658 , 894.000
2659 , 894.000
2660 , 894.000
2661 , 894.000
2662 , 894.000
2663 , 894.000
2664 , 894.000
2665 , 894.000
2666 , 894.000
2667 , 894.000
2668 , 894.000
2669 , 894.000
2670 , 894.000
2671 , 894.000
2672 , 894.000
2673 , 894.000
2674 , 894.000
2675 , 894.000
2676 , 894.000
2677 , 894.000
2678 , 894.000
2679 , 894.000
2680 , 894.000
2681 , 894.000
2682 , 894.000
2683 , 894.000
2684 , 894.000
2685 , 894.000
2686 , 894.000
2687 , 894.000
2688 , 894.000
2689 , 894.000
2690 , 894.000
2691 , 894.000
2692 , 894.000
2693 , 894.000
2694 , 894.000
2695 , 894.000
2696 , 894.000
2697 , 894.000
2698 , 894.000
2699 , 894.000
2700 , 894.000
2701 , 894.000
2702 , 894.000
2703 , 894.000
2704 , 894.000
2705 , 894.000
2706 , 894.000
2707 , 894.000
2708 , 894.000
2709 , 894.000
2710 , 894.000
2711 , 894.000
2712 , 894.000
2713 , 894.000
2714 , 894.000
2715 , 894.000
2716 , 894.000
2717 , 894.000
2718 , 894.000
2719 , 894.000
2720 , 894.000
2721 , 894.000
2722 , 894.000
2723 , 894.000
2724 , 894.000
2725 , 894.000
2726 , 894.000
2727 , 894.000
2728 , 894.000
2729 , 894.000
2730 , 894.000
2731 , 894.000
2732 , 894.000
2733 , 894.000
2734 , 894.000
2735 , 894.000
2736 , 894.000
2737 , 894.000
2738 , 894.000
2739 , 894.000
2740 , 894.000
2741 , 894.000
2742 , 894.000
2743 , 894.000
2744 , 894.000
2745 , 894.000
2746 , 894.000
2747 , 894.000
2748 , 894.000
2749 , 894.000
2750 , 894.000
2751 , 894.000
2752 , 894.000
2753 , 894.000
2754 , 894.000
2755 , 894.000
2756 , 894.000
2757 , 894.000
2758 , 894.000
2759 , 894.000
2760 , 894.000
2761 , 894.000
2762 , 894.000
2763 , 894.000
2764 , 894.000
2765 , 894.000
2766 , 894.000
2767 , 894.000
2768 , 894.000
2769 , 894.000
2770 , 894.000
2771 , 894.000
2772 , 894.000
2773 , 894.000
2774 , 894.000
2775 , 894.000
2776 , 894.000
2777 , 894.000
2778 , 894.000
2779 , 894.000
2780 , 894.000
2781 , 894.000
2782 , 894.000
2783 , 894.000
2784 , 894.000
2785 , 894.000
2786 , 894.000
2787 , 894.000
2788 , 894.000
2789 , 894.000
2790 , 894.000
2791 , 894.000
2792 , 894.000
2793 , 894.000
2794 , 894.000
2795 , 894.000
2796 , 894.000
2797 , 894.000
2798 , 894.000
2799 , 894.000
2800 , 894.000
2801 , 894.000
2802 , 894.000
2803 , 894.000
2804 , 894.000
2805 , 894.000
2806 , 894.000
2807 , 894.000
2808 , 894.000
2809 , 894.000
2810 , 894.000
2811 , 894.000
2812 , 894.000
2813 , 894.000
2814 , 894.000
2815 , 894.000
2816 , 894.000
2817 , 894.000
2818 , 894.000
2819 , 894.000
2820 , 894.000
2821 , 894.000
2822 , 894.000
2823 , 894.000
2824 , 894.000
2825 , 894.000
2826 , 894.000
2827 , 894.000
2828 , 894.000
2829 , 894.000
2830 , 894.000
2831 , 894.000
2832 , 894.000
2833 , 894.000
2834 , 894.000
2835 , 894.000
2836 , 894.000
2837 , 894.000
2838 , 894.000
2839 , 894.000
2840 , 894.000
2841 , 894.000
2842 , 894.000
2843 , 894.000
2844 , 894.000
2845 , 894.000
2846 , 894.000
2847 , 894.000
2848 , 894.000
2849 , 894.000
2850 , 894.000
2851 , 894.000
2852 , 894.000
2853 , 894.000
2854 , 894.000
2855 , 894.000
2856 , 894.000
2857 , 894.000
2858 , 894.000
2859 , 894.000
2860 , 894.000
2861 , 894.000
2862 , 894.000
2863 , 894.000
2864 , 894.000
2865 , 894.000
2866 , 894.000
2867 , 894.000
2868 , 894.000
2869 , 894.000
2870 , 894.000
2871 , 894.000
2872 , 894.000
2873 , 894.000
2874 , 894.000
2875 , 894.000
2876 , 894.000
2877 , 894.000
2878 , 894.000
2879 , 894.000
2880 , 894.000
2881 , 894.000
2882 , 894.000
2883 , 894.000
2884 , 894.000
2885 , 894.000
2886 , 894.000
2887 , 894.000
2888 , 894.000
2889 , 894.000
2890 , 894.000
2891 , 894.000
2892 , 894.000
2893 , 894.000
2894 , 894.000
2895 , 894.000
2896 , 894.000
2897 , 894.000
2898 , 894.000
2899 , 894.000
2900 , 894.000
2901 , 894.000
2902 , 894.000
2903 , 894.000
2904 , 894.000
2905 , 894.000
2906 , 894.000
2907 , 894.000
2908 , 894.000
2909 , 894.000
2910 , 894.000
2911 , 894.000
2912 , 894.000
2913 , 894.000
2914 , 894.000
2915 , 894.000
2916 , 894.000
2917 , 894.000
2918 , 894.000
2919 , 894.000
2920 , 894.000
2921 , 894.000
2922 , 894.000
2923 , 894.000
2924 , 894.000
2925 , 894.000
2926 , 894.000
2927 , 894.000
2928 , 894.000
2929 , 894.000
2930 , 894.000
2931 , 894.000
2932 , 894.000
2933 , 894.000
2934 , 894.000
2935 , 894.000
2936 , 894.000
2937 , 894.000
2938 , 894.000
2939 , 894.000
2940 , 894.000
2941 , 894.000
2942 , 894.000
2943 , 894.000
2944 , 894.000
2945 , 894.000
2946 , 894.000
2947 , 894.000
2948 , 894.000
2949 , 894.000
2950 , 894.000
2951 , 894.000
2952 , 894.000
2953 , 894.000
2954 , 894.000
2955 , 894.000
2956 , 894.000
2957 , 894.000
2958 , 894.000
2959 , 894.000
2960 , 894.000
2961 , 894.000
2962 , 894.000
2963 , 894.000
2964 , 894.000
2965 , 894.000
2966 , 894.000
2967 , 894.000
2968 , 894.000
2969 , 894.000
2970 , 894.000
2971 , 894.000
2972 , 894.000
2973 , 894.000
2974 , 894.000
2975 , 894.000
2976 , 894.000
2977 , 894.000
2978 , 894.000
2979 , 894.000
2980 , 894.000
2981 , 894.000
2982 , 894.000
2983 , 894.000
2984 , 894.000
2985 , 894.000
2986 , 894.000
2987 , 894.000
2988 , 894.000
2989 , 894.000
2990 , 894.000
2991 , 894.000
2992 , 894.000
2993 , 894.000
2994 , 894.000
2995 , 894.000
2996 , 894.000
2997 , 894.000
2998 , 894.000
2999 , 894.000
3000 , 894.000
3001 , 894.000
3002 , 894.000
3003 , 894.000
3004 , 894.000
3005 , 894.000
3006 , 894.000
3007 , 894.000
3008 , 894.000
3009 , 894.000
3010 , 894.000
3011 , 894.000
3012 , 894.000
3013 , 894.000
3014 , 894.000
3015 , 894.000
3016 , 894.000
3017 , 894.000
3018 , 894.000
3019 , 894.000
3020 , 894.000
3021 , 894.000
3022 , 894.000
3023 , 894.000
3024 , 894.000
3025 , 894.000
3026 , 894.000
3027 , 894.000
3028 , 894.000
3029 , 894.000
3030 , 894.000
3031 , 894.000
3032 , 894.000
3033 , 894.000
3034 , 894.000
3035 , 894.000
3036 , 894.000
3037 , 894.000
3038 , 894.000
3039 , 894.000
3040 , 894.000
3041 , 894.000
3042 , 894.000
3043 , 894.000
3044 , 894.000
3045 , 894.000
3046 , 894.000
3047 , 894.000
3048 , 894.000
3049 , 894.000
3050 , 894.000
3051 , 894.000
3052 , 894.000
3053 , 894.000
3054 , 894.000
3055 , 894.000
3056 , 894.000
3057 , 894.000
3058 , 894.000
3059 , 894.000
3060 , 894.000
3061 , 894.000
3062 , 894.000
3063 , 894.000
3064 , 894.000
3065 , 894.000
3066 , 894.000
3067 , 894.000
3068 , 894.000
3069 , 894.000
3070 , 894.000
3071 , 894.000
3072 , 894.000
3073 , 894.000
3074 , 894.000
3075 , 894.000
3076 , 894.000
3077 , 894.000
3078 , 894.000
3079 , 894.000
3080 , 894.000
3081 , 894.000
3082 , 894.000
3083 , 894.000
3084 , 894.000
3085 , 894.000
3086 , 894.000
3087 , 894.000
3088 , 894.000
3089 , 894.000
3090 , 894.000
3091 , 894.000
3092 , 894.000
3093 , 894.000
3094 , 894.000
3095 , 894.000
3096 , 894.000
3097 , 894.000
3098 , 894.000
3099 , 894.000
3100 , 894.000
3101 , 894.000
3102 , 894.000
3103 , 894.000
3104 , 894.000
3105 , 894.000
3106 , 894.000
3107 , 894.000
3108 , 894.000
3109 , 894.000
3110 , 894.000
3111 , 894.000
3112 , 894.000
3113 , 894.000
3114 , 894.000
3115 , 894.000
3116 , 894.000
3117 , 894.000
3118 , 894.000
3119 , 894.000
3120 , 894.000
3121 , 894.000
3122 , 894.000
3123 , 894.000
3124 , 894.000
3125 , 894.000
3126 , 894.000
3127 , 894.000
3128 , 894.000
3129 , 894.000
3130 , 894.000
3131 , 894.000
3132 , 894.000
3133 , 894.000
3134 , 894.000
3135 , 894.000
3136 , 894.000
3137 , 894.000
3138 , 894.000
3139 , 894.000
3140 , 894.000
3141 , 894.000
3142 , 894.000
3143 , 894.000
3144 , 894.000
3145 , 894.000
3146 , 894.000
3147 , 894.000
3148 , 894.000
3149 , 894.000
3150 , 894.000
3151 , 894.000
3152 , 894.000
3153 , 894.000
3154 , 894.000
3155 , 894.000
3156 , 894.000
3157 , 894.000
3158 , 894.000
3159 , 894.000
3160 , 894.000
3161 , 894.000
3162 , 894.000
3163 , 894.000
3164 , 894.000
3165 , 894.000
3166 , 894.000
3167 , 894.000
3168 , 894.000
3169 , 894.000
3170 , 894.000
3171 , 894.000
3172 , 894.000
3173 , 894.000
3174 , 894.000
3175 , 894.000
3176 , 894.000
3177 , 894.000
3178 , 894.000
3179 , 894.000
3180 , 894.000
3181 , 894.000
3182 , 894.000
3183 , 894.000
3184 , 894.000
3185 , 894.000
3186 , 894.000
3187 , 894.000
3188 , 894.000
3189 , 894.000
3190 , 894.000
3191 , 894.000
3192 , 894.000
3193 , 894.000
3194 , 894.000
3195 , 894.000
3196 , 894.000
3197 , 894.000
3198 , 894.000
3199 , 894.000
3200 , 894.000
3201 , 894.000
3202 , 894.000
3203 , 894.000
3204 , 894.000
3205 , 894.000
3206 , 894.000
3207 , 894.000
3208 , 894.000
3209 , 894.000
3210 , 894.000
3211 , 894.000
3212 , 894.000
3213 , 894.000
3214 , 894.000
3215 , 894.000
3216 , 894.000
3217 , 894.000
3218 , 894.000
3219 , 894.000
3220 , 894.000
3221 , 894.000
3222 , 894.000
3223 , 894.000
3224 , 894.000
3225 , 894.000
3226 , 894.000
3227 , 894.000
3228 , 894.000
3229 , 894.000
3230 , 894.000
3231 , 894.000
3232 , 894.000
3233 , 894.000
3234 , 894.000
3235 , 894.000
3236 , 894.000
3237 , 894.000
3238 , 894.000
3239 , 894.000
3240 , 894.000
3241 , 894.000
3242 , 894.000
3243 , 894.000
3244 , 894.000
3245 , 894.000
3246 , 894.000
3247 , 894.000
3248 , 894.000
3249 , 894.000
3250 , 894.000
3251 , 894.000
3252 , 894.000
3253 , 894.000
3254 , 894.000
3255 , 894.000
3256 , 894.000
3257 , 894.000
3258 , 894.000
3259 , 894.000
3260 , 894.000
3261 , 894.000
3262 , 894.000
3263 , 894.000
3264 , 894.000
3265 , 894.000
3266 , 894.000
3267 , 894.000
3268 , 894.000
3269 , 894.000
3270 , 894.000
3271 , 894.000
3272 , 894.000
3273 , 894.000
3274 , 894.000
3275 , 894.000
3276 , 894.000
3277 , 894.000
3278 , 894.000
3279 , 894.000
3280 , 894.000
3281 , 894.000
3282 , 894.000
3283 , 894.000
3284 , 894.000
3285 , 894.000
3286 , 894.000
3287 , 894.000
3288 , 894.000
3289 , 894.000
3290 , 894.000
3291 , 894.000
3292 , 894.000
3293 , 894.000
3294 , 894.000
3295 , 894.000
3296 , 894.000
3297 , 894.000
3298 , 894.000
3299 , 894.000
3300 , 894.000
3301 , 894.000
3302 , 894.000
3303 , 894.000
3304 , 894.000
3305 , 894.000
3306 , 894.000
3307 , 894.000
3308 , 894.000
3309 , 894.000
3310 , 894.000
3311 , 894.000
3312 , 894.000
3313 , 894.000
3314 , 894.000
3315 , 894.000
3316 , 894.000
3317 , 894.000
3318 , 894.000
3319 , 894.000
3320 , 894.000
3321 , 894.000
3322 , 894.000
3323 , 894.000
3324 , 894.000
3325 , 894.000
3326 , 894.000
3327 , 894.000
3328 , 894.000
3329 , 894.000
3330 , 894.000
3331 , 894.000
3332 , 894.000
3333 , 894.000
3334 , 894.000
3335 , 894.000
3336 , 894.000
3337 , 894.000
3338 , 894.000
3339 , 894.000
3340 , 894.000
3341 , 894.000
3342 , 894.000
3343 , 894.000
3344 , 894.000
3345 , 894.000
3346 , 894.000
3347 , 894.000
3348 , 894.000
3349 , 894.000
3350 , 894.000
3351 , 894.000
3352 , 894.000
3353 , 894.000
3354 , 894.000
3355 , 894.000
3356 , 894.000
3357 , 894.000
3358 , 894.000
3359 , 894.000
3360 , 894.000
3361 , 894.000
3362 , 894.000
3363 , 894.000
3364 , 894.000
3365 , 894.000
3366 , 894.000
3367 , 894.000
3368 , 894.000
3369 , 894.000
3370 , 894.000
3371 , 894.000
3372 , 894.000
3373 , 894.000
3374 , 894.000
3375 , 894.000
3376 , 894.000
3377 , 894.000
3378 , 894.000
3379 , 894.000
3380 , 894.000
3381 , 894.000
3382 , 894.000
3383 , 894.000
3384 , 894.000
3385 , 894.000
3386 , 894.000
3387 , 894.000
3388 , 894.000
3389 , 894.000
3390 , 894.000
3391 , 894.000
3392 , 894.000
3393 , 894.000
3394 , 894.000
3395 , 894.000
3396 , 894.000
3397 , 894.000
3398 , 894.000
3399 , 894.000
3400 , 894.000
3401 , 894.000
3402 , 894.000
3403 , 894.000
3404 , 894.000
3405 , 894.000
3406 , 894.000
3407 , 894.000
3408 , 894.000
3409 , 894.000
3410 , 894.000
3411 , 894.000
3412 , 894.000
3413 , 894.000
3414 , 894.000
3415 , 894.000
3416 , 894.000
3417 , 894.000
3418 , 894.000
3419 , 894.000
3420 , 894.000
3421 , 894.000
3422 , 894.000
3423 , 894.000
3424 , 894.000
3425 , 894.000
3426 , 894.000
3427 , 894.000
3428 , 894.000
3429 , 894.000
3430 , 894.000
3431 , 894.000
3432 , 894.000
3433 , 894.000
3434 , 894.000
3435 , 894.000
3436 , 894.000
3437 , 894.000
3438 , 894.000
3439 , 894.000
3440 , 894.000
3441 , 894.000
3442 , 894.000
3443 , 894.000
3444 , 894.000
3445 , 894.000
3446 , 894.000
3447 , 894.000
3448 , 894.000
3449 , 894.000
3450 , 894.000
3451 , 894.000
3452 , 894.000
3453 , 894.000
3454 , 894.000
3455 , 894.000
3456 , 894.000
3457 , 894.000
3458 , 894.000
3459 , 894.000
3460 , 894.000
3461 , 894.000
3462 , 894.000
3463 , 894.000
3464 , 894.000
3465 , 894.000
3466 , 894.000
3467 , 894.000
3468 , 894.000
3469 , 894.000
3470 , 894.000
3471 , 894.000
3472 , 894.000
3473 , 894.000
3474 , 894.000
3475 , 894.000
3476 , 894.000
3477 , 894.000
3478 , 894.000
3479 , 894.000
3480 , 894.000
3481 , 894.000
3482 , 894.000
3483 , 894.000
3484 , 894.000
3485 , 894.000
3486 , 894.000
3487 , 894.000
3488 , 894.000
3489 , 894.000
3490 , 894.000
3491 , 894.000
3492 , 894.000
3493 , 894.000
3494 , 894.000
3495 , 894.000
3496 , 894.000
3497 , 894.000
3498 , 894.000
3499 , 894.000
3500 , 894.000
3501 , 894.000
3502 , 894.000
3503 , 894.000
3504 , 894.000
3505 , 894.000
3506 , 894.000
3507 , 894.000
3508 , 894.000
3509 , 894.000
3510 , 894.000
3511 , 894.000
3512 , 894.000
3513 , 894.000
3514 , 894.000
3515 , 894.000
3516 , 894.000
3517 , 894.000
3518 , 894.000
3519 , 894.000
3520 , 894.000
3521 , 894.000
3522 , 894.000
3523 , 894.000
3524 , 894.000
3525 , 894.000
3526 , 894.000
3527 , 894.000
3528 , 894.000
3529 , 894.000
3530 , 894.000
3531 , 894.000
3532 , 894.000
3533 , 894.000
3534 , 894.000
3535 , 894.000
3536 , 894.000
3537 , 894.000
3538 , 894.000
3539 , 894.000
3540 , 894.000
3541 , 894.000
3542 , 894.000
3543 , 894.000
3544 , 894.000
3545 , 894.000
3546 , 894.000
3547 , 894.000
3548 , 894.000
3549 , 894.000
3550 , 894.000
3551 , 894.000
3552 , 894.000
3553 , 894.000
3554 , 894.000
3555 , 894.000
3556 , 894.000
3557 , 894.000
3558 , 894.000
3559 , 894.000
3560 , 894.000
3561 , 894.000
3562 , 894.000
3563 , 894.000
3564 , 894.000
3565 , 894.000
3566 , 894.000
3567 , 894.000
3568 , 894.000
3569 , 894.000
3570 , 894.000
3571 , 894.000
3572 , 894.000
3573 , 894.000
3574 , 894.000
3575 , 894.000
3576 , 894.000
3577 , 894.000
3578 , 894.000
3579 , 894.000
3580 , 894.000
3581 , 894.000
3582 , 894.000
3583 , 894.000
3584 , 894.000
3585 , 894.000
3586 , 894.000
3587 , 894.000
3588 , 894.000
3589 , 894.000
3590 , 894.000
3591 , 894.000
3592 , 894.000
3593 , 894.000
3594 , 894.000
3595 , 894.000
3596 , 894.000
3597 , 894.000
3598 , 894.000
3599 , 894.000
3600 , 894.000
3601 , 894.000
3602 , 894.000
3603 , 894.000
3604 , 894.000
3605 , 894.000
3606 , 894.000
3607 , 894.000
3608 , 894.000
3609 , 894.000
3610 , 894.000
3611 , 894.000
3612 , 894.000
3613 , 894.000
3614 , 894.000
3615 , 894.000
3616 , 894.000
3617 , 894.000
3618 , 894.000
3619 , 894.000
3620 , 894.000
3621 , 894.000
3622 , 894.000
3623 , 894.000
3624 , 894.000
3625 , 894.000
3626 , 894.000
3627 , 894.000
3628 , 894.000
3629 , 894.000
3630 , 894.000
3631 , 894.000
3632 , 894.000
3633 , 894.000
3634 , 894.000
3635 , 894.000
3636 , 894.000
3637 , 894.000
3638 , 894.000
3639 , 894.000
3640 , 894.000
3641 , 894.000
3642 , 894.000
3643 , 894.000
3644 , 894.000
3645 , 894.000
3646 , 894.000
3647 , 894.000
3648 , 894.000
3649 , 894.000
3650 , 894.000
3651 , 894.000
3652 , 894.000
3653 , 894.000
3654 , 894.000
3655 , 894.000
3656 , 894.000
3657 , 894.000
3658 , 894.000
3659 , 894.000
3660 , 894.000
3661 , 894.000
3662 , 894.000
3663 , 894.000
3664 , 894.000
3665 , 894.000
3666 , 894.000
3667 , 894.000
3668 , 894.000
3669 , 894.000
3670 , 894.000
3671 , 894.000
3672 , 894.000
3673 , 894.000
3674 , 894.000
3675 , 894.000
3676 , 894.000
3677 , 894.000
3678 , 894.000
3679 , 894.000
3680 , 894.000
3681 , 894.000
3682 , 894.000
3683 , 894.000
3684 , 894.000
3685 , 894.000
3686 , 894.000
3687 , 894.000
3688 , 894.000
3689 , 894.000
3690 , 894.000
3691 , 894.000
3692 , 894.000
3693 , 894.000
3694 , 894.000
3695 , 894.000
3696 , 894.000
3697 , 894.000
3698 , 894.000
3699 , 894.000
3700 , 894.000
3701 , 894.000
3702 , 894.000
3703 , 894.000
3704 , 894.000
3705 , 894.000
3706 , 894.000
3707 , 894.000
3708 , 894.000
3709 , 894.000
3710 , 894.000
3711 , 894.000
3712 , 894.000
3713 , 894.000
3714 , 894.000
3715 , 894.000
3716 , 894.000
3717 , 894.000
3718 , 894.000
3719 , 894.000
3720 , 894.000
3721 , 894.000
3722 , 894.000
3723 , 894.000
3724 , 894.000
3725 , 894.000
3726 , 894.000
3727 , 894.000
3728 , 894.000
3729 , 894.000
3730 , 894.000
3731 , 894.000
3732 , 894.000
3733 , 894.000
3734 , 894.000
3735 , 894.000
3736 , 894.000
3737 , 894.000
3738 , 894.000
3739 , 894.000
3740 , 894.000
3741 , 894.000
3742 , 894.000
3743 , 894.000
3744 , 894.000
3745 , 894.000
3746 , 894.000
3747 , 894.000
3748 , 894.000
3749 , 894.000
3750 , 894.000
3751 , 894.000
3752 , 894.000
3753 , 894.000
3754 , 894.000
3755 , 894.000
3756 , 894.000
3757 , 894.000
3758 , 894.000
3759 , 894.000
3760 , 894.000
3761 , 894.000
3762 , 894.000
3763 , 894.000
3764 , 894.000
3765 , 894.000
3766 , 894.000
3767 , 894.000
3768 , 894.000
3769 , 894.000
3770 , 894.000
3771 , 894.000
3772 , 894.000
3773 , 894.000
3774 , 894.000
3775 , 894.000
3776 , 894.000
3777 , 894.000
3778 , 894.000
3779 , 894.000
3780 , 894.000
3781 , 894.000
3782 , 894.000
3783 , 894.000
3784 , 894.000
3785 , 894.000
3786 , 894.000
3787 , 894.000
3788 , 894.000
3789 , 894.000
3790 , 894.000
3791 , 894.000
3792 , 894.000
3793 , 894.000
3794 , 894.000
3795 , 894.000
3796 , 894.000
3797 , 894.000
3798 , 894.000
3799 , 894.000
3800 , 894.000
3801 , 894.000
3802 , 894.000
3803 , 894.000
3804 , 894.000
3805 , 894.000
3806 , 894.000
3807 , 894.000
3808 , 894.000
3809 , 894.000
3810 , 894.000
3811 , 894.000
3812 , 894.000
3813 , 894.000
3814 , 894.000
3815 , 894.000
3816 , 894.000
3817 , 894.000
3818 , 894.000
3819 , 894.000
3820 , 894.000
3821 , 894.000
3822 , 894.000
3823 , 894.000
3824 , 894.000
3825 , 894.000
3826 , 894.000
3827 , 894.000
3828 , 894.000
3829 , 894.000
3830 , 894.000
3831 , 894.000
3832 , 894.000
3833 , 894.000
3834 , 894.000
3835 , 894.000
3836 , 894.000
3837 , 894.000
3838 , 894.000
3839 , 894.000
3840 , 894.000
3841 , 894.000
3842 , 894.000
3843 , 894.000
3844 , 894.000
3845 , 894.000
3846 , 894.000
3847 , 894.000
3848 , 894.000
3849 , 894.000
3850 , 894.000
3851 , 894.000
3852 , 894.000
3853 , 894.000
3854 , 894.000
3855 , 894.000
3856 , 894.000
3857 , 894.000
3858 , 894.000
3859 , 894.000
3860 , 894.000
3861 , 894.000
3862 , 894.000
3863 , 894.000
3864 , 894.000
3865 , 894.000
3866 , 894.000
3867 , 894.000
3868 , 894.000
3869 , 894.000
3870 , 894.000
3871 , 894.000
3872 , 894.000
3873 , 894.000
3874 , 894.000
3875 , 894.000
3876 , 894.000
3877 , 894.000
3878 , 894.000
3879 , 894.000
3880 , 894.000
3881 , 894.000
3882 , 894.000
3883 , 894.000
3884 , 894.000
3885 , 894.000
3886 , 894.000
3887 , 894.000
3888 , 894.000
3889 , 894.000
3890 , 894.000
3891 , 894.000
3892 , 894.000
3893 , 894.000
3894 , 894.000
3895 , 894.000
3896 , 894.000
3897 , 894.000
3898 , 894.000
3899 , 894.000
3900 , 894.000
3901 , 894.000
3902 , 894.000
3903 , 894.000
3904 , 894.000
3905 , 894.000
3906 , 894.000
3907 , 894.000
3908 , 894.000
3909 , 894.000
3910 , 894.000
3911 , 894.000
3912 , 894.000
3913 , 894.000
3914 , 894.000
3915 , 894.000
3916 , 894.000
3917 , 894.000
3918 , 894.000
3919 , 894.000
3920 , 894.000
3921 , 894.000
3922 , 894.000
3923 , 894.000
3924 , 894.000
3925 , 894.000
3926 , 894.000
3927 , 894.000
3928 , 894.000
3929 , 894.000
3930 , 894.000
3931 , 894.000
3932 , 894.000
3933 , 894.000
3934 , 894.000
3935 , 894.000
3936 , 894.000
3937 , 894.000
3938 , 894.000
3939 , 894.000
3940 , 894.000
3941 , 894.000
3942 , 894.000
3943 , 894.000
3944 , 894.000
3945 , 894.000
3946 , 894.000
3947 , 894.000
3948 , 894.000
3949 , 894.000
3950 , 894.000
3951 , 894.000
3952 , 894.000
3953 , 894.000
3954 , 894.000
3955 , 894.000
3956 , 894.000
3957 , 894.000
3958 , 894.000
3959 , 894.000
3960 , 894.000
3961 , 894.000
3962 , 894.000
3963 , 894.000
3964 , 894.000
3965 , 894.000
3966 , 894.000
3967 , 894.000
3968 , 894.000
3969 , 894.000
3970 , 894.000
3971 , 894.000
3972 , 894.000
3973 , 894.000
3974 , 894.000
3975 , 894.000
3976 , 894.000
3977 , 894.000
3978 , 894.000
3979 , 894.000
3980 , 894.000
3981 , 894.000
3982 , 894.000
3983 , 894.000
3984 , 894.000
3985 , 894.000
3986 , 894.000
3987 , 894.000
3988 , 894.000
3989 , 894.000
3990 , 894.000
3991 , 894.000
3992 , 894.000
3993 , 894.000
3994 , 894.000
3995 , 894.000
3996 , 894.000
3997 , 894.000
3998 , 894.000
3999 , 894.000
4000 , 894.000
4001 , 894.000
4002 , 894.000
4003 , 894.000
4004 , 894.000
4005 , 894.000
4006 , 894.000
4007 , 894.000
4008 , 894.000
4009 , 894.000
4010 , 894.000
4011 , 894.000
4012 , 894.000
4013 , 894.000
4014 , 894.000
4015 , 894.000
4016 , 894.000
4017 , 894.000
4018 , 894.000
4019 , 894.000
4020 , 894.000
4021 , 894.000
4022 , 894.000
4023 , 894.000
4024 , 894.000
4025 , 894.000
4026 , 894.000
4027 , 894.000
4028 , 894.000
4029 , 894.000
4030 , 894.000
4031 , 894.000
4032 , 894.000
4033 , 894.000
4034 , 894.000
4035 , 894.000
4036 , 894.000
4037 , 894.000
4038 , 894.000
4039 , 894.000
4040 , 894.000
4041 , 894.000
4042 , 894.000
4043 , 894.000
4044 , 894.000
4045 , 894.000
4046 , 894.000
4047 , 894.000
4048 , 894.000
4049 , 894.000
4050 , 894.000
4051 , 894.000
4052 , 894.000
4053 , 894.000
4054 , 894.000
4055 , 894.000
4056 , 894.000
4057 , 894.000
4058 , 894.000
4059 , 894.000
4060 , 894.000
4061 , 894.000
4062 , 894.000
4063 , 894.000
4064 , 894.000
4065 , 894.000
4066 , 894.000
4067 , 894.000
4068 , 894.000
4069 , 894.000
4070 , 894.000
4071 , 894.000
4072 , 894.000
4073 , 894.000
4074 , 894.000
4075 , 894.000
4076 , 894.000
4077 , 894.000
4078 , 894.000
4079 , 894.000
4080 , 894.000
4081 , 894.000
4082 , 894.000
4083 , 894.000
4084 , 894.000
4085 , 894.000
4086 , 894.000
4087 , 894.000
4088 , 894.000
4089 , 894.000
4090 , 894.000
4091 , 894.000
4092 , 894.000
4093 , 894.000
4094 , 894.000
4095 , 894.000
4096 , 894.000
4097 , 894.000
4098 , 894.000
4099 , 894.000
4100 , 894.000
4101 , 894.000
4102 , 894.000
4103 , 894.000
4104 , 894.000
4105 , 894.000
4106 , 894.000
4107 , 894.000
4108 , 894.000
4109 , 894.000
4110 , 894.000
4111 , 894.000
4112 , 894.000
4113 , 894.000
4114 , 894.000
4115 , 894.000
4116 , 894.000
4117 , 894.000
4118 , 894.000
4119 , 894.000
4120 , 894.000
4121 , 894.000
4122 , 894.000
4123 , 894.000
4124 , 894.000
4125 , 894.000
4126 , 894.000
4127 , 894.000
4128 , 894.000
4129 , 894.000
4130 , 894.000
4131 , 894.000
4132 , 894.000
4133 , 894.000
4134 , 894.000
4135 , 894.000
4136 , 894.000
4137 , 894.000
4138 , 894.000
4139 , 894.000
4140 , 894.000
4141 , 894.000
4142 , 894.000
4143 , 894.000
4144 , 894.000
4145 , 894.000
4146 , 894.000
4147 , 894.000
4148 , 894.000
4149 , 894.000
4150 , 894.000
4151 , 894.000
4152 , 894.000
4153 , 894.000
4154 , 894.000
4155 , 894.000
4156 , 894.000
4157 , 894.000
4158 , 894.000
4159 , 894.000
4160 , 894.000
4161 , 894.000
4162 , 894.000
4163 , 894.000
4164 , 894.000
4165 , 894.000
4166 , 894.000
4167 , 894.000
4168 , 894.000
4169 , 894.000
4170 , 894.000
4171 , 894.000
4172 , 894.000
4173 , 894.000
4174 , 894.000
4175 , 894.000
4176 , 894.000
4177 , 894.000
4178 , 894.000
4179 , 894.000
4180 , 894.000
4181 , 894.000
4182 , 894.000
4183 , 894.000
4184 , 894.000
4185 , 894.000
4186 , 894.000
4187 , 894.000
4188 , 894.000
4189 , 894.000
4190 , 894.000
4191 , 894.000
4192 , 894.000
4193 , 894.000
4194 , 894.000
4195 , 894.000
4196 , 894.000
4197 , 894.000
4198 , 894.000
4199 , 894.000
4200 , 894.000
4201 , 894.000
4202 , 894.000
4203 , 894.000
4204 , 894.000
4205 , 894.000
4206 , 894.000
4207 , 894.000
4208 , 894.000
4209 , 894.000
4210 , 894.000
4211 , 894.000
4212 , 894.000
4213 , 894.000
4214 , 894.000
4215 , 894.000
4216 , 894.000
4217 , 894.000
4218 , 894.000
4219 , 894.000
4220 , 894.000
4221 , 894.000
4222 , 894.000
4223 , 894.000
4224 , 894.000
4225 , 894.000
4226 , 894.000
4227 , 894.000
4228 , 894.000
4229 , 894.000
4230 , 894.000
4231 , 894.000
4232 , 894.000
4233 , 894.000
4234 , 894.000
4235 , 894.000
4236 , 894.000
4237 , 894.000
4238 , 894.000
4239 , 894.000
4240 , 894.000
4241 , 894.000
4242 , 894.000
4243 , 894.000
4244 , 894.000
4245 , 894.000
4246 , 894.000
4247 , 894.000
4248 , 894.000
4249 , 894.000
4250 , 894.000
4251 , 894.000
4252 , 894.000
4253 , 894.000
4254 , 894.000
4255 , 894.000
4256 , 894.000
4257 , 894.000
4258 , 894.000
4259 , 894.000
4260 , 894.000
4261 , 894.000
4262 , 894.000
4263 , 894.000
4264 , 894.000
4265 , 894.000
4266 , 894.000
4267 , 894.000
4268 , 894.000
4269 , 894.000
4270 , 894.000
4271 , 894.000
4272 , 894.000
4273 , 894.000
4274 , 894.000
4275 , 894.000
4276 , 894.000
4277 , 894.000
4278 , 894.000
4279 , 894.000
4280 , 894.000
4281 , 894.000
4282 , 894.000
4283 , 894.000
4284 , 894.000
4285 , 894.000
4286 , 894.000
4287 , 894.000
4288 , 894.000
4289 , 894.000
4290 , 894.000
4291 , 894.000
4292 , 894.000
4293 , 894.000
4294 , 894.000
4295 , 894.000
4296 , 894.000
4297 , 894.000
4298 , 894.000
4299 , 894.000
4300 , 894.000
4301 , 894.000
4302 , 894.000
4303 , 894.000
4304 , 894.000
4305 , 894.000
4306 , 894.000
4307 , 894.000
4308 , 894.000
4309 , 894.000
4310 , 894.000
4311 , 894.000
4312 , 894.000
4313 , 894.000
4314 , 894.000
4315 , 894.000
4316 , 894.000
4317 , 894.000
4318 , 894.000
4319 , 894.000
4320 , 894.000
4321 , 894.000
4322 , 894.000
4323 , 894.000
4324 , 894.000
4325 , 894.000
4326 , 894.000
4327 , 894.000
4328 , 894.000
4329 , 894.000
4330 , 894.000
4331 , 894.000
4332 , 894.000
4333 , 894.000
4334 , 894.000
4335 , 894.000
4336 , 894.000
4337 , 894.000
4338 , 894.000
4339 , 894.000
4340 , 894.000
4341 , 894.000
4342 , 894.000
4343 , 894.000
4344 , 894.000
4345 , 894.000
4346 , 894.000
4347 , 894.000
4348 , 894.000
4349 , 894.000
4350 , 894.000
4351 , 894.000
4352 , 894.000
4353 , 894.000
4354 , 894.000
4355 , 894.000
4356 , 894.000
4357 , 894.000
4358 , 894.000
4359 , 894.000
4360 , 894.000
4361 , 894.000
4362 , 894.000
4363 , 894.000
4364 , 894.000
4365 , 894.000
4366 , 894.000
4367 , 894.000
4368 , 894.000
4369 , 894.000
4370 , 894.000
4371 , 894.000
4372 , 894.000
4373 , 894.000
4374 , 894.000
4375 , 894.000
4376 , 894.000
4377 , 894.000
4378 , 894.000
4379 , 894.000
4380 , 894.000
4381 , 894.000
4382 , 894.000
4383 , 894.000
4384 , 894.000
4385 , 894.000
4386 , 894.000
4387 , 894.000
4388 , 894.000
4389 , 894.000
4390 , 894.000
4391 , 894.000
4392 , 894.000
4393 , 894.000
4394 , 894.000
4395 , 894.000
4396 , 894.000
4397 , 894.000
4398 , 894.000
4399 , 894.000
4400 , 894.000
4401 , 894.000
4402 , 894.000
4403 , 894.000
4404 , 894.000
4405 , 894.000
4406 , 894.000
4407 , 894.000
4408 , 894.000
4409 , 894.000
4410 , 894.000
4411 , 894.000
4412 , 894.000
4413 , 894.000
4414 , 894.000
4415 , 894.000
4416 , 894.000
4417 , 894.000
4418 , 894.000
4419 , 894.000
4420 , 894.000
4421 , 894.000
4422 , 894.000
4423 , 894.000
4424 , 894.000
4425 , 894.000
4426 , 894.000
4427 , 894.000
4428 , 894.000
4429 , 894.000
4430 , 894.000
4431 , 894.000
4432 , 894.000
4433 , 894.000
4434 , 894.000
4435 , 894.000
4436 , 894.000
4437 , 894.000
4438 , 894.000
4439 , 894.000
4440 , 894.000
4441 , 894.000
4442 , 894.000
4443 , 894.000
4444 , 894.000
4445 , 894.000
4446 , 894.000
4447 , 894.000
4448 , 894.000
4449 , 894.000
4450 , 894.000
4451 , 894.000
4452 , 894.000
4453 , 894.000
4454 , 894.000
4455 , 894.000
4456 , 894.000
4457 , 894.000
4458 , 894.000
4459 , 894.000
4460 , 894.000
4461 , 894.000
4462 , 894.000
4463 , 894.000
4464 , 894.000
4465 , 894.000
4466 , 894.000
4467 , 894.000
4468 , 894.000
4469 , 894.000
4470 , 894.000
4471 , 894.000
4472 , 894.000
4473 , 894.000
4474 , 894.000
4475 , 894.000
4476 , 894.000
4477 , 894.000
4478 , 894.000
4479 , 894.000
4480 , 894.000
4481 , 894.000
4482 , 894.000
4483 , 894.000
4484 , 894.000
4485 , 894.000
4486 , 894.000
4487 , 894.000
4488 , 894.000
4489 , 894.000
4490 , 894.000
4491 , 894.000
4492 , 894.000
4493 , 894.000
4494 , 894.000
4495 , 894.000
4496 , 894.000
4497 , 894.000
4498 , 894.000
4499 , 894.000
4500 , 894.000
4501 , 894.000
4502 , 894.000
4503 , 894.000
4504 , 894.000
4505 , 894.000
4506 , 894.000
4507 , 894.000
4508 , 894.000
4509 , 894.000
4510 , 894.000
4511 , 894.000
4512 , 894.000
4513 , 894.000
4514 , 894.000
4515 , 894.000
4516 , 894.000
4517 , 894.000
4518 , 894.000
4519 , 894.000
4520 , 894.000
4521 , 894.000
4522 , 894.000
4523 , 894.000
4524 , 894.000
4525 , 894.000
4526 , 894.000
4527 , 894.000
4528 , 894.000
4529 , 894.000
4530 , 894.000
4531 , 894.000
4532 , 894.000
4533 , 894.000
4534 , 894.000
4535 , 894.000
4536 , 894.000
4537 , 894.000
4538 , 894.000
4539 , 894.000
4540 , 894.000
4541 , 894.000
4542 , 894.000
4543 , 894.000
4544 , 894.000
4545 , 894.000
4546 , 894.000
4547 , 894.000
4548 , 894.000
4549 , 894.000
4550 , 894.000
4551 , 894.000
4552 , 894.000
4553 , 894.000
4554 , 894.000
4555 , 894.000
4556 , 894.000
4557 , 894.000
4558 , 894.000
4559 , 894.000
4560 , 894.000
4561 , 894.000
4562 , 894.000
4563 , 894.000
4564 , 894.000
4565 , 894.000
4566 , 894.000
4567 , 894.000
4568 , 894.000
4569 , 894.000
4570 , 894.000
4571 , 894.000
4572 , 894.000
4573 , 894.000
4574 , 894.000
4575 , 894.000
4576 , 894.000
4577 , 894.000
4578 , 894.000
4579 , 894.000
4580 , 894.000
4581 , 894.000
4582 , 894.000
4583 , 894.000
4584 , 894.000
4585 , 894.000
4586 , 894.000
4587 , 894.000
4588 , 894.000
4589 , 894.000
4590 , 894.000
4591 , 894.000
4592 , 894.000
4593 , 894.000
4594 , 894.000
4595 , 894.000
4596 , 894.000
4597 , 894.000
4598 , 894.000
4599 , 894.000
4600 , 894.000
4601 , 894.000
4602 , 894.000
4603 , 894.000
4604 , 894.000
4605 , 894.000
4606 , 894.000
4607 , 894.000
4608 , 894.000
4609 , 894.000
4610 , 894.000
4611 , 894.000
4612 , 894.000
4613 , 894.000
4614 , 894.000
4615 , 894.000
4616 , 894.000
4617 , 894.000
4618 , 894.000
4619 , 894.000
4620 , 894.000
4621 , 894.000
4622 , 894.000
4623 , 894.000
4624 , 894.000
4625 , 894.000
4626 , 894.000
4627 , 894.000
4628 , 894.000
4629 , 894.000
4630 , 894.000
4631 , 894.000
4632 , 894.000
4633 , 894.000
4634 , 894.000
4635 , 894.000
4636 , 894.000
4637 , 894.000
4638 , 894.000
4639 , 894.000
4640 , 894.000
4641 , 894.000
4642 , 894.000
4643 , 894.000
4644 , 894.000
4645 , 894.000
4646 , 894.000
4647 , 894.000
4648 , 894.000
4649 , 894.000
4650 , 894.000
4651 , 894.000
4652 , 894.000
4653 , 894.000
4654 , 894.000
4655 , 894.000
4656 , 894.000
4657 , 894.000
4658 , 894.000
4659 , 894.000
4660 , 894.000
4661 , 894.000
4662 , 894.000
4663 , 894.000
4664 , 894.000
4665 , 894.000
4666 , 894.000
4667 , 894.000
4668 , 894.000
4669 , 894.000
4670 , 894.000
4671 , 894.000
4672 , 894.000
4673 , 894.000
4674 , 894.000
4675 , 894.000
4676 , 894.000
4677 , 894.000
4678 , 894.000
4679 , 894.000
4680 , 894.000
4681 , 894.000
4682 , 894.000
4683 , 894.000
4684 , 894.000
4685 , 894.000
4686 , 894.000
4687 , 894.000
4688 , 894.000
4689 , 894.000
4690 , 894.000
4691 , 894.000
4692 , 894.000
4693 , 894.000
4694 , 894.000
4695 , 894.000
4696 , 894.000
4697 , 894.000
4698 , 894.000
4699 , 894.000
4700 , 894.000
4701 , 894.000
4702 , 894.000
4703 , 894.000
4704 , 894.000
4705 , 894.000
4706 , 894.000
4707 , 894.000
4708 , 894.000
4709 , 894.000
4710 , 894.000
4711 , 894.000
4712 , 894.000
4713 , 894.000
4714 , 894.000
4715 , 894.000
4716 , 894.000
4717 , 894.000
4718 , 894.000
4719 , 894.000
4720 , 894.000
4721 , 894.000
4722 , 894.000
4723 , 894.000
4724 , 894.000
4725 , 894.000
4726 , 894.000
4727 , 894.000
4728 , 894.000
4729 , 894.000
4730 , 894.000
4731 , 894.000
4732 , 894.000
4733 , 894.000
4734 , 894.000
4735 , 894.000
4736 , 894.000
4737 , 894.000
4738 , 894.000
4739 , 894.000
4740 , 894.000
4741 , 894.000
4742 , 894.000
4743 , 894.000
4744 , 894.000
4745 , 894.000
4746 , 894.000
4747 , 894.000
4748 , 894.000
4749 , 894.000
4750 , 894.000
4751 , 894.000
4752 , 894.000
4753 , 894.000
4754 , 894.000
4755 , 894.000
4756 , 894.000
4757 , 894.000
4758 , 894.000
4759 , 894.000
4760 , 894.000
4761 , 894.000
4762 , 894.000
4763 , 894.000
4764 , 894.000
4765 , 894.000
4766 , 894.000
4767 , 894.000
4768 , 894.000
4769 , 894.000
4770 , 894.000
4771 , 894.000
4772 , 894.000
4773 , 894.000
4774 , 894.000
4775 , 894.000
4776 , 894.000
4777 , 894.000
4778 , 894.000
4779 , 894.000
4780 , 894.000
4781 , 894.000
4782 , 894.000
4783 , 894.000
4784 , 894.000
4785 , 894.000
4786 , 894.000
4787 , 894.000
4788 , 894.000
4789 , 894.000
4790 , 894.000
4791 , 894.000
4792 , 894.000
4793 , 894.000
4794 , 894.000
4795 , 894.000
4796 , 894.000
4797 , 894.000
4798 , 894.000
4799 , 894.000
4800 , 894.000
4801 , 894.000
4802 , 894.000
4803 , 894.000
4804 , 894.000
4805 , 894.000
4806 , 894.000
4807 , 894.000
4808 , 894.000
4809 , 894.000
4810 , 894.000
4811 , 894.000
4812 , 894.000
4813 , 894.000
4814 , 894.000
4815 , 894.000
4816 , 894.000
4817 , 894.000
4818 , 894.000
4819 , 894.000
4820 , 894.000
4821 , 894.000
4822 , 894.000
4823 , 894.000
4824 , 894.000
4825 , 894.000
4826 , 894.000
4827 , 894.000
4828 , 894.000
4829 , 894.000
4830 , 894.000
4831 , 894.000
4832 , 894.000
4833 , 894.000
4834 , 894.000
4835 , 894.000
4836 , 894.000
4837 , 894.000
4838 , 894.000
4839 , 894.000
4840 , 894.000
4841 , 894.000
4842 , 894.000
4843 , 894.000
4844 , 894.000
4845 , 894.000
4846 , 894.000
4847 , 894.000
4848 , 894.000
4849 , 894.000
4850 , 894.000
4851 , 894.000
4852 , 894.000
4853 , 894.000
4854 , 894.000
4855 , 894.000
4856 , 894.000
4857 , 894.000
4858 , 894.000
4859 , 894.000
4860 , 894.000
4861 , 894.000
4862 , 894.000
4863 , 894.000
4864 , 894.000
4865 , 894.000
4866 , 894.000
4867 , 894.000
4868 , 894.000
4869 , 894.000
4870 , 894.000
4871 , 894.000
4872 , 894.000
4873 , 894.000
4874 , 894.000
4875 , 894.000
4876 , 894.000
4877 , 894.000
4878 , 894.000
4879 , 894.000
4880 , 894.000
4881 , 894.000
4882 , 894.000
4883 , 894.000
4884 , 894.000
4885 , 894.000
4886 , 894.000
4887 , 894.000
4888 , 894.000
4889 , 894.000
4890 , 894.000
4891 , 894.000
4892 , 894.000
4893 , 894.000
4894 , 894.000
4895 , 894.000
4896 , 894.000
4897 , 894.000
4898 , 894.000
4899 , 894.000
4900 , 894.000
4901 , 894.000
4902 , 894.000
4903 , 894.000
4904 , 894.000
4905 , 894.000
4906 , 894.000
4907 , 894.000
4908 , 894.000
4909 , 894.000
4910 , 894.000
4911 , 894.000
4912 , 894.000
4913 , 894.000
4914 , 894.000
4915 , 894.000
4916 , 894.000
4917 , 894.000
4918 , 894.000
4919 , 894.000
4920 , 894.000
4921 , 894.000
4922 , 894.000
4923 , 894.000
4924 , 894.000
4925 , 894.000
4926 , 894.000
4927 , 894.000
4928 , 894.000
4929 , 894.000
4930 , 894.000
4931 , 894.000
4932 , 894.000
4933 , 894.000
4934 , 894.000
4935 , 894.000
4936 , 894.000
4937 , 894.000
4938 , 894.000
4939 , 894.000
4940 , 894.000
4941 , 894.000
4942 , 894.000
4943 , 894.000
4944 , 894.000
4945 , 894.000
4946 , 894.000
4947 , 894.000
4948 , 894.000
4949 , 894.000
4950 , 894.000
4951 , 894.000
4952 , 894.000
4953 , 894.000
4954 , 894.000
4955 , 894.000
4956 , 894.000
4957 , 894.000
4958 , 894.000
4959 , 894.000
4960 , 894.000
4961 , 894.000
4962 , 894.000
4963 , 894.000
4964 , 894.000
4965 , 894.000
4966 , 894.000
4967 , 894.000
4968 , 894.000
4969 , 894.000
4970 , 894.000
4971 , 894.000
4972 , 894.000
4973 , 894.000
4974 , 894.000
4975 , 894.000
4976 , 894.000
4977 , 894.000
4978 , 894.000
4979 , 894.000
4980 , 894.000
4981 , 894.000
4982 , 894.000
4983 , 894.000
4984 , 894.000
4985 , 894.000
4986 , 894.000
4987 , 894.000
4988 , 894.000
4989 , 894.000
4990 , 894.000
4991 , 894.000
4992 , 894.000
4993 , 894.000
4994 , 894.000
4995 , 894.000
4996 , 894.000
4997 , 894.000
4998 , 894.000
4999 , 894.000
5000 , 894.000
